_id,singkat,hasil
1,abis,habis
2,accent,tekanan
3,accept,terima
4,accident,kecelakaan
5,achievement,prestasi
6,acra,acara
7,acrany,acaranya
8,acrnya,acaranya
9,action,aksi
10,active,aktif
11,activity,aktivitas
12,actually,sebenarnya
13,actualy,sebenarnya
14,ad,ada
15,ade,ada
16,adult,dewasa
17,adventure,petualangan
18,adventurer,petualang
19,advice,nasehat
20,after,setelah
21,afternun,sore
22,again,lagi
23,agency,perwakilan
24,agent,agen
25,agk,agak
26,agktn,angkatan
27,agree,setuju
28,agreement,persetujuan
29,aing,saya
30,aj,saja
31,aja,saja
32,ajah,saja
33,aje,saja
34,ajeh,saja
35,ajk,ajak
36,ak,saya
37,akeh,banyak
38,akhire,akhirnya
39,aktifkn,aktifkan
40,aku,saya
41,alhamdlh,alhamdulillah
42,alhamdulilah,alhamdulillah
43,almost,hampir
44,almt,alamat
45,alone,sendiri
46,alsn,alasan
47,also,juga
48,always,selalu
49,ama,sama
50,amazing,mengagumkan
51,ampe,sampai
52,amu,kamu
53,amuh,kamu
54,ancen,memang
55,ancur,hancur
56,ane,saya
57,anget,hangat
58,ap,apa
59,aple,apple
60,aplksi,aplikasi
61,aproved,diterima
62,aq,saya
63,aqoe,saya
64,aqu,saya
65,aqw,saya
66,arep,mau
67,arived,tiba
68,article,artikel
69,artine,artinya
70,asignment,tugas
71,assistance,bantuan
72,assistant,asisten
73,asyek,asyik
74,ats,atas
75,atu,satu-satu
76,atw,atau
77,automatic,otomatis
78,aya,ada
79,b,bb
80,"b\kesinambungn""",berkesinambungan
81,babeh,ayah
82,balasanya,balasannya
83,bales,balas
84,banga,bangga
85,batre,baterai
86,bbrapa,beberapa
87,bbrp,beberapa
88,bbrpa,beberapa
89,bdg,bandung
90,beach,pantai
91,before,sebelum
92,begete,banget
93,bego,bodoh
94,belike,belikan
95,bengi,malam
96,benjol,memar
97,beraktifitas,beraktivitas
98,berjln,berjalan
99,berkmmpuan,berkemampuan
100,bersaman,bersamaan
101,bet,banget
102,beter,better
103,between,antara
104,gmn,bagaimana
105,Bgm,bagaimana
106,bgmn,bagaimana
107,bgmna,bagaimana
108,bgn,bangun
109,bgt,banget
110,bgtu,begitu
111,bhs,bahasa
112,bimbel,bimbingan belajar
113,birthday,ulang tahun
114,bis,habis
115,bjln,berjalan
116,bklan,bakalan
117,bkn,bukan
118,blackbery,blackberry
119,blg,bilang
120,blk,balik
121,blm,belum
122,bln,bulan
123,blng,bilang
124,blnja,belanja
125,blom,belum
126,blon,belum
127,bls,balas
128,blsanya,balasannya
129,blum,belum
130,bm,bbm
131,bnar,benar
132,bner,benar
133,bnr,benar
134,bnrn,beneran
135,bntr,sebentar
136,bntu,bantu
137,bnuh,bunuh
138,bnyk,banyak
139,bobonya,tidurnya
140,bodo,bodoh
141,bokap,ayah
142,bole,boleh
143,boong,bohong
144,boring,bosan
145,bpak,bapak
146,bpk,bapak
147,brangcut,berangkat
148,brangkt,berangkat
149,brenang,berenang
150,brg,barang
151,brp,berapa
152,brpa,berapa
153,brsih,bersih
154,bru,baru
155,bs,bisa
156,bsa,bisa
157,bsar,besar
158,bsh,basah
159,bsk,besok
160,bsok,besok
161,bsr,besar
162,bth,butuh
163,btuh,butuh
164,btul,betul
165,btw,ngomong ngomong
166,Bu,ibu
167,buanged,banget
168,buangedh,banget
169,buanget,banget
170,buktiin,buktikan
171,buktin,buktikan
172,buln,bulan
173,bungks,bungkus
174,bw,bawa
175,bwa,bawa
176,bwah,bawah
177,bwat,untuk
178,bwh,bawah
179,bwt,untuk
180,byar,bayar
181,byk,banyak
182,byr,bayar
183,cabe,cabai
184,cadas,cerdas
185,cah,bocah
186,call,telepon
187,can,dapat
188,cape,capek
189,"car
",mobil
190,career,karir
191,caution,perhatian
192,cb,coba
193,Ceman,teman
194,cemungudh,semangat
195,Cemungut,semangat
196,cepet,cepat
197,cew,cewek
198,cewe,cewek
199,check,cek
200,ciapa,siapa
201,cibuk,sibuk
202,cinto,cinta
203,cius,serius
204,ciusan,seriusan
205,ciyus,serius
206,clananya,celananya
207,cmpakan,campakkan
208,cmpakin,campakkan
209,cnd,canda
210,cnda,canda
211,cnggih,canggih
212,cngih,canggih
213,cnt,cinta
214,cnta,cinta
215,cntik,cantik
216,cntk,cantik
217,cntre,tengah
218,co,cowok
219,coach,pelatih
220,coaster,alas
221,cocokin,cocokkan
222,cocoknyo,cocoknya
223,coconut,kelapa
224,cod,bayar saat pengiriman
225,coding,mengkode
226,coklat,cokelat
227,colecting,mengoleksi
228,colection,koleksi
229,colongin,curikan
230,colonial,kolonial
231,color,warna
232,colorful,berwarna-warni
233,colour,warna
234,comeback,datang kembali
235,comedy,komedi
236,comendable,patut dihargai
237,coment,komen
238,comercial,komersil
239,comes,datang
240,comfirm,konfirmasi
241,Comfort,nyaman
242,comfortable,menyenangkan
243,comic,komik
244,coming,datang
245,comingson,segera datang
246,comingsoon,segera datang
247,commando,prajurit
248,commendable,patut dihargai
249,comment,komen
250,commentary,uraian
251,commercial,komersil
252,community,komunita
253,communityny,komunitanya
254,company,perusahaan
255,competition,persaingan
256,complain,mengeluh
257,complete,lengkap
258,completes,lengkap
259,compliment,pujian
260,compose,menyusun
261,computing,menghitung
262,comunity,komunita
263,comunityny,komunitanya
264,concept,konsep
265,concert,konser
266,condition,kondisi
267,conditioning,mengkondisikan
268,conect,menghubungkan
269,conection,koneksi
270,confident,yakin
271,configuration,susunan
272,confirm,konfirmasi
273,confius,bingung
274,confuse,bingung
275,confused,bingung
276,congralts,(ucapan) selamat
277,Congrat,(ucapan) selamat
278,congrate,(ucapan) selamat
279,congrats,(ucapan) selamat
280,consept,konsep
281,consider,mempertimbangkan
282,consult,berunding
283,consultants,konsultan
284,consumer,konsumen
285,contac,kontak
286,contact,kontak
287,content,isi
288,contest,kontes
289,contoe,contohnya
290,contra,kontra
291,contract,kontrak
292,control,kontrol
293,convention,konvensi
294,Convoy,konvoi
295,cook,memasak
296,copas,copy paste
297,copot,lepas
298,corner,sudut
299,corners,sudut
300,corola,corolla
301,correction,koreksi
302,corridor,koridor
303,cosmetics,kosmetik
304,cost,ongkos
305,costs,ongkos
306,costum,kostum
307,could,dapat
308,council,dewan
309,countdown,perhitungan detik-detik terakhir
310,counter,alat perhitungan
311,country,negara
312,countryside,daerah pedalaman
313,couple,pasangan
314,cousin,sepupu
315,cow,cowok
316,cowo,cowok
317,cpt,cepat
318,cr,cara
319,crazy,gila
320,cri,cari
321,crt,cerita
322,crtx,ceritanya
323,cucok,cocok
324,cukop,cukup
325,cuman,cuma
326,cumn,hanya
327,curcol,curhat
328,cwek,cewek
329,cwo,cowok
330,cwok,cowok
331,cyus,serius
332,dah,sudah
333,dalan,jalan
334,dangerous,bahaya
335,dasyat,dahsyat
336,date,tanggal
337,dateng,datang
338,datenglah,datanglah
339,day,hari
340,dbls,dibalas
341,dbnt,dibantu
342,ddlm,didalam
343,dduk,duduk
344,defence,pertahanan
345,defend,membela
346,deg2an,deg-degan
347,degdeg,deg-degan
348,degdeg-an,deg-degan
349,degdegan,deg-degan
350,degdegser,deg-degan
351,deket,dekat
352,desek2an,desak-desakan
353,desekan,desakan
354,dewe,sendiri
355,dftar,daftar
356,dg,dengan
357,dgn,dengan
358,dgr,dengar
359,dgrin,dengarkan
360,dgrn,dengarkan
361,dh,sudah
362,dibangain,dibanggakan
363,dibls,dibalas
364,digangu,diganggu
365,diizinin,diberi izin
366,dikasi,dikasih
367,dikasinya,dikasihnya
368,dikit,sedikit
369,dikls,di kelas
370,diliat,dilihat
371,diluk,sebentar
372,dimana2,dimana-mana
373,dimkn,dimakan
374,dimksd,dimaksud
375,dimn2,dimana-mana
376,dimna,dimana
377,dinstal,diinstall
378,dipake,dipakai
379,dipangilnya,dipanggilnya
380,dipke,dipakai
381,disawat,dilempar
382,disblah,disebelah
383,discon,diskon
384,discont,diskon
385,discount,diskon
386,disebrang,diseberang
387,disebuah,disebuah
388,disekolah,di sekolah
389,disekolahan,di sekolahan
390,disekolahin,disekolahkan
391,diselengarakan,diselenggarakan
392,diselimutin,diselimuti
393,disenayan,di senayan
394,disenen,di senen
395,disentul,di sentul
396,diservice,diservis
397,dishub,Dinas Perhubungan
398,dishubkominfo,Dinas Perhubungan Komunikasi dan Informatika
399,disi,diisi
400,disia2in,disia-siakan
401,disimpen,disimpan
402,disimpng,disimpang
403,disinih,disini
404,disklh,di sekolah
405,diskonnye,diskonnya
406,diskony,diskonnya
407,diskonya,diskonnya
408,Diskonye,diskonnya
409,disni,disini
410,disono,disana
411,disonoh,disana
412,distribution,distribusi
413,district,daerah
414,distroy,hancur
415,disturb,ganggu
416,disurga,di surga
417,disurh,disuruh
418,disuru,disuruh
419,ditabra,ditabrak
420,ditaktir,ditraktir
421,ditaman,di taman
422,ditambahin,ditambahkan
423,ditanah,di tanah
424,ditangepin,ditanggapin
425,ditanggepin,ditanggapin
426,ditangkep,ditangkap
427,ditangkepinnya,ditangkapinnya
428,ditangkepinya,ditangkapinnya
429,ditangung,ditanggung
430,ditaro,ditaruh
431,ditarok,ditaruh
432,ditelen,ditelan
433,ditemeni,ditemani
434,ditemenin,ditemani
435,diteraktir,ditraktir
436,ditingal,ditinggal
437,ditingali,ditinggali
438,ditingikan,ditinggikan
439,ditkarkan,ditukarkan
440,ditlp,ditelepon
441,ditmpt,di tempat
442,ditngah,ditengah
443,ditngguin,ditungguin
444,ditnguin,ditunggu
445,ditnjkn,ditunjukkan
446,ditoko,di toko
447,ditrakter,ditraktir
448,ditrotoar,di trotoar
449,ditugu,di tugu
450,dituker,ditukar
451,ditukoke,dibelikan
452,ditukokno,dibelikan
453,ditumbasne,dibelikan
454,ditumpaki,dinaiki
455,diTunas,di tunas
456,ditunggu2,ditunggu-tunggu
457,ditungu,ditunggu
458,ditungu2,ditunggu-tunggu
459,ditunguin,ditunggu
460,ditunjukan,ditunjukkan
461,ditunjukin,ditunjukkan
462,diturunkn,diturunkan
463,diwarnet,di warnet
464,diweekend,di akhir pekan
465,diwolak,dibalik
466,djagain,dijaga
467,djemput,dijemput
468,dJkt,di Jakarta
469,djln,di jalan
470,dkasih,dikasih
471,dkat,dekat
472,dkatkan,dekatkan
473,dket,dekat
474,dketan,dekat
475,dkit,sedikit
476,dkk,dan kawan-kawan
477,dklinikk,di klinik
478,dkluarin,dikeluarkan
479,dkmps,di kampus
480,dkomplain,dikomplain
481,dksh,dikasih
482,dkt,dekat
483,dkung,dukung
484,dl,dulu
485,dlakukan,dilakukan
486,dlakukn,dilakukan
487,dlam,dalam
488,dlanjutin,dilanjutkan
489,dliat,dilihat
490,dliburkan,diliburkan
491,dll,dan lain-lain
492,dlm,dalam
493,dlnjutin,dilanjutkan
494,dlu,dulu
495,dluan,duluan
496,dmainkan,dimainkan
497,dmakan,dimakan
498,dmam,demam
499,dmamX,demamnya
500,dman,dimana
501,dmana,dimana
502,dminta,diminta
503,dmn,dimana
504,dmna,dimana
505,dmna2,dimana-mana
506,dmnanya,dimananya
507,dmnnya,dimananya
508,dmno,dimana
509,dmnt,diminta
510,dmnya,dimananya
511,dmobil,di mobil
512,dmonas,di monas
513,dmtr,di motor
514,dn,dan
515,dng,dengan
516,dngan,dengan
517,dnger,dengar
518,dnger2,denga-dengar
519,dngerin,dengarkan
520,dnggo,dipakai
521,dngin,dingin
522,dnginan,dinginan
523,dngn,dengan
524,doain,doakan
525,doane,doanya
526,doang,saja
527,doank,saja
528,dolali,pada lupa
529,dolan,bermain
530,donload,unduh
531,donlod,unduh
532,donlot,unduh
533,dont,jangan
534,dpat,dapat
535,dpatkan,dapatkan
536,dpet,dapat
537,dpn,depan
538,dpstikn,dipastikan
539,dpt,dapat
540,dr,dari
541,dri,dari
542,dripada,daripada
543,dripd,daripada
544,drmh,di rumah
545,drmn,darimana
546,drpd,daripada
547,drtd,daritadi
548,dsana,disana
549,dsar,dasar
550,dsb,dan sebagainya
551,dsini,disini
552,dsitu,disitu
553,dskolah,di sekolah
554,dsktr,di sekitar
555,dsmber,desember
556,dsna,disana
557,dsni,disini
558,dsno,disana
559,dsruh,disuruh
560,dst,dan seterusnya
561,dtang,datang
562,dteng,datang
563,dtg,datang
564,dtgin,datangin
565,dturunkn,diturunkan
566,duitna,duitnya
567,during,selama
568,duwe,punya
569,duwit,duit
570,dy,dia
571,elo,kamu
572,elu,kamu
573,emg,emang
574,emng,emang
575,emoh,tidak mau
576,endiri,sendiri
577,endonesa,Indonesia
578,enelaan,beneran
579,engak,tidak
580,engga,tidak
581,enggk,tidak
582,engk,tidak
583,enk,enak
584,enough,cukup
585,entar,nanti
586,enteng,ringan
587,enyak,enak
588,etc,dan lain-lain
589,event,acara
590,every,setiap
591,everybody,semua orang
592,everything,segala sesuatu
593,everywhere,dimanapun
594,ex,contoh
595,excelent,bagus
596,exit,keluar
597,face,muka
598,fact,fakta
599,failed,gagal
600,father,ayah
601,fee,biaya
602,ferari,ferrari
603,filem,film
604,finally,akhirnya
605,focus,fokus
606,folback,follow back
607,folbacknya,follow back nya
608,folbc,follow back
609,folbcak,follow back
610,folbek,follow back
611,folbeknya,follow back nya
612,follback,follow back
613,follbacknya,follow back nya
614,follbc,follow back
615,follo,follow
616,followbak,follow back
617,folo,follow
618,folow,follow
619,folowback,follow back
620,folowbak,follow back
621,folowbcak,follow back
622,football,sepak bola
623,for,untuk
624,forged,lupa
625,forget,lupa
626,forgot,lupa
627,foto2,foto-foto
628,friday,jumat
629,friend,teman
630,frofil,profil
631,from,dari
632,function,fungsi
633,funny,lucu
634,funtion,fungsi
635,funy,lucu
636,g,tidak
637,ga,tidak
638,gaada,tidak ada
639,gaakan,tidak akan
640,gaasik,tidak asik
641,gabakal,tak akan
642,gabareng,tidak bareng
643,gabebas,tidak bebas
644,gabeda,tidak beda
645,gaberani,tidak berani
646,gabilang,tidak bilang
647,gabisa,tidak bisa
648,gabole,tidak boleh
649,gaboleh,tidak boleh
650,gabosen,tidak bosen
651,Ga,tidak ada
652,gabs,tidak bisa
653,gad,tidak ada
654,gada,tidak ada
655,gadaiin,gadaikan
656,Gadapet,tidak dapat
657,gadein,gadaikan
658,gadeket,tidak dekat
659,gadiajak,tidak diajak
660,gadibales,tidak dibalas
661,gae,membuat
662,gaean,pekerjaan
663,gaenak,tidak enak
664,gaene,biasanya
665,gag,tidak
666,gahoel,gaul
667,gahol,gaul
668,gaikut,tidak ikut
669,gaikutaaan,tidak ikutan
670,gaikutan,tidak ikutan
671,gaiso,tidak bisa
672,gajadi,tidak jadi
673,gajalan,tidak jalan
674,gajanji,tidak janji
675,gajauh,tidak jauh
676,Gajd,tidak jadi
677,Gaje,tidak jelas
678,gajelas,tidak jelas
679,gajenguk,tidak menjenguk
680,gak,tidak
681,gakada,tidak ada
682,Gakan,tidak akan
683,gakbilang,tidak bilang
684,gakbisa,tidak bisa
685,gakdeh,tidak deh
686,gakenak,tidak enak
687,gakjadi,tidak jadi
688,gakmau,tidak mau
689,gakpapa,tidak apa-apa
690,gakpenting,tidak penting
691,gakpernah,tidak pernah
692,gaksabar,tidak sabar
693,gaksemua,tidak semua
694,gaksih,tidak sih
695,gaktau,tidak tau
696,gaktuh,tidah tuh
697,gamain,tidak main
698,gamales,tidak malas
699,gamao,tidak mau
700,gamasuk,tidak masuk
701,gamau,tidak mau
702,gamsk,tidak masuk
703,gamuat,tidak muat
704,gamungkin,tidak mungkin
705,gan,juragan
706,gangajak,tidak mengajak
707,Gangerti,tidak mengerti
708,ganguin,gangguin
709,gantiin,gantikan
710,gantinen,ganti saja
711,gaosah,tidak usah
712,gapada,tidak pada
713,gapaham,tidak paham
714,gapake,tidak pakai
715,gapapa,tidak apa-apa
716,gapercaya,tidak percaya
717,gaperlu,tidak perlu
718,gapernah,tidak pernah
719,gapo,tidak apa-apa
720,gaptek,gagap teknologi
721,gapulang,tidak pulang
722,gara2,gara-gara
723,gasabar,tidak sabar
724,gasalah,tidak salah
725,gasanggup,tidak sanggup
726,gasecerah,tidak secerah
727,gasedingin,tidak sedingin
728,gasekeras,tidak sekeras
729,gaseru,tidak seru
730,gasia2,tidak sia-sia
731,gasih,tidak sih
732,gasik,datang lebih awal
733,gasuka,tidak suka
734,gatau,tidak tau
735,gatel,gatal
736,gathel,gatal
737,gatuh,tidak tuh
738,Gausa,tidak usah
739,gausah,tidak usah
740,gaush,tidak usah
741,gawake,bawakan
742,gawakne,bawakan
743,gayalu,gayamu
744,gbawa,tidak bawa
745,gbk,Gelora Bung Karno
746,gblg,tidak bilang
747,gblk,tidak balik
748,gbs,tidak bisa
749,gbsa,tidak bisa
750,gda,tidak ada
751,gebetan,pasangan
752,gebetn,pasangan
753,geblek,bodoh
754,gede,besar
755,gedenya,besarnya
756,gedhe2an,besar-besaran
757,gelem,bersedia
758,gelo,gila
759,gendeng,bodoh
760,gendheng,bodoh
761,gendud,gemuk
762,geto,begitu
763,getoh,begitu
764,gg,tidak
765,gilak,gila
766,gile,gila
767,gimana,bagaimana
768,gimane,bagaimana
769,gimna,bagaimana
770,gini,begini
771,gitu,begitu
772,gituan,begituan
773,gituh,begitu
774,gjd,tidak jadi
775,gjdi,tidak jadi
776,gjls,tidak jelas
777,gjnji,tidak janji
778,gk,tidak
779,gmbr,gambar
780,gmn,bagaimana
781,gmna,bagaimana
782,gmne,bagaimana
783,gnti,ganti
784,goceng,lima ribu
785,godan,godaan
786,good luck,semoga berhasil
787,goodmorning,selamat pagi
788,goro2,gara-gara
789,gpl,tidak pakai lama
790,gpp,tidak-apa-apa
791,gpplah,tidak apa-apalah
792,gr2,gara-gara
793,gra,gara-gara
794,grade,tingkat
795,gt,begitu
796,gtu,begitu
797,gtw,tidak tau
798,gunakn,gunakan
799,gua,saya
800,gue,saya
801,gueh,saya
802,guweh,saya
803,gw,saya
804,gwe,saya
805,gx,tidak
806,gy,sedang
807,hany,hanya
808,hape,hp
809,hapi,senang
810,happy,senang
811,happybday,selamat ulang tahun
812,hareem,perempuan
813,harg,harga
814,hargnya,harganya
815,hargonyo,harganya
816,hasek,asyik
817,hawong,lhawong
818,hbd,selamat ulang tahun
819,hbs,habis
820,hdiah,hadiah
821,hdiahnya,hadiahnya
822,hdirkan,hadirkan
823,hdp,hidup
824,hdpn,hadapan
825,hdup,hidup
826,heng,error
827,hidp,hidup
828,hidpmu,hidupmu
829,hinga,hingga
830,hmpas,hempas
831,hmpir,hampir
832,hntu,hantu
833,hny,hanya
834,hnya,hanya
835,Hoam,ngantuk
836,honest,jujur
837,hr,hari
838,hrap,harap
839,hrapan,harapan
840,hrg,harga
841,hrga,harga
842,hrgnya,harganya
843,hri,hari
844,hrs,harus
845,hrsnya,harusnya
846,hrus,harus
847,hrz,harus
848,hsil,hasil
849,hsl,hasil
850,htelnya,hotelnya
851,htiku,hatiku
852,hub,hubungi
853,hungry,lapar
854,ibdah,ibadah
855,idung,hidung
856,ijin,izin
857,ijo,hijau
858,iki,ini
859,ikt,ikut
860,iktan,ikutan
861,iktn,ikutan
862,ikud,ikut
863,ilkom,ilmu komputer
864,ilang,hilang
865,img,gambar
866,inbox,kotak masuk
867,inceran,incaran
868,include,termasuk
869,indh,indah
870,indo,indonesia
871,info,informasi
872,infonya,informasinya
873,information,informasi
874,informkan,informasikan
875,infox,informasinya
876,inget,ingat
877,inginya,inginnya
878,ingt,ingat
879,ingtn,ingatan
880,inovation,inovasi
881,inpo,informasi
882,inpoh,informasi
883,insaallah,insyaAllah
884,insyaa,insyaAllah
885,insyaaloh,insyaAllah
886,insyah,insyaAllah
887,insyalah,insyaAllah
888,intrnet,internet
889,invit,mengajak
890,invite,mengajak
891,invte,mengajak
892,io,iya
893,ireng,hitam
894,iseh,masih
895,isih,masih
896,isin,malu
897,isine,isinya
898,iso,bisa
899,isteri,istri
900,istrht,istirahat
901,isuk,pagi
902,itung,hitung
903,iy,iya
904,iyadah,iya dah
905,iyadeh,iya dah
906,iyadong,iya dong
907,iyadund,iya dong
908,iyah,iya
909,iyanih,iya nih
910,iyasih,iya sih
911,iyaw,iya
912,iye,iya
913,iyedah,iya dah
914,iyelah,iyalah
915,iyeu,iya
916,iyh,iya
917,iyo,iya
918,iyosih,iya sih
919,iyuh,iya
920,iyuwh,iya
921,j,saja
922,ja,saja
923,jabar,Jawa Barat
924,jadina,jadinya
925,jadinye,jadinya
926,jadul,jaman dulu
927,jadwalnye,jadwalnya
928,jahate,jahatnya
929,jakpus,Jakarta Pusat
930,jakrta,Jakarta
931,jaksel,Jakarta Selatan
932,jaktim,Jakarta Timur
933,jalan2,jalan-jalan
934,jalankn,jalankan
935,jalanya,jalannya
936,jamanna,jamannya
937,jamanny,jamannya
938,jamany,jamannya
939,jamanya,jamannya
940,jamanye,jamannya
941,jangn,jangan
942,japan,jepang
943,jare,kata
944,jaringanx,jaringannya
945,jaringn,jaringan
946,jateng,Jawa Tengah
947,jatoh,jatuh
948,jaz,jazz
949,jd,jadi
950,jdi,jadi
951,jdian,jadian
952,jenenge,namanya
953,jenengi,beri nama
954,jep,jeep
955,jg,juga
956,jga,juga
957,jgja,jogja
958,jgn,jangan
959,jgn2,jangan-jangan
960,jgnkan,jangankan
961,jht,jahat
962,jjur,jujur
963,jk,jika
964,jkrt,Jakarta
965,jkrta,Jakarta
966,jkt,Jakarta
967,jl,jalan
968,jlan2,jalan-jalan
969,jlas,jelas
970,jln,jalan
971,jln2,jalan-jalan
972,jls,jelas
973,jmbatan,jembatan
974,jmbtan,jembatan
975,jmin,jamin
976,jmlh,jumlah
977,jmn,jaman
978,jmpa,jumpa
979,jmpe,jumpa
980,jmpt,jemput
981,jmptnya,jemputnya
982,jo,jangan
983,jobseeker,pencari kerja
984,jri,jari
985,jringan,jaringan
986,jringn,jaringan
987,jrngn,jaringan
988,jtuh,jatuh
989,jua,juga
990,jug,juga
991,jugaj,juga
992,jugak,juga
993,jugo,juga
994,jwb,jawab
995,jwban,jawaban
996,jwbanny,jawabannya
997,jwbannya,jawabannya
998,jwbany,jawabannya
999,kabare,kabarnya
1000,kabeh,semua
1001,kacian,kasihan
1002,kadieu,kesini
1003,kaditu,kesitu
1004,kaga,tidak
1005,kagak,tidak
1006,kagk,tidak
1007,kakean,kebanyakan
1008,kale,kali
1009,kalo,kalau
1010,kalu,kalau
1011,kapn,kapan
1012,kapolres,Kepala Kepolisian Resor
1013,karepmu,terserah kamu
1014,karna,karena
1015,karo,sama
1016,kaseep,ganteng
1017,kasi,kasih
1018,kasian,kasihan
1019,kata2,kata-kata
1020,kata2nya,kata-katanya
1021,katane,katanya
1022,katany,katanya
1023,kayak,seperti
1024,kbagusan,kebagusan
1025,kbar,kabar
1026,kbare,kabarnya
1027,kbarin,kabari
1028,kbeh,semua
1029,kbeli,terbeli
1030,kberngktn,keberangkatan
1031,kbhagiaan,kebahagiaan
1032,kbhagian,kebahagiaan
1033,kbr,kabar
1034,kbrin,kabari
1035,kbrnya,kabarnya
1036,kbtulan,kebetulan
1037,kbuka,terbuka
1038,kbun,kebun
1039,kcepatn,kecepatan
1040,kcil,kecil
1041,kcintaan,kecintaan
1042,kcintan,kecintaan
1043,kclakaan,kecelakaan
1044,kclakan,kecelakaan
1045,kcmata,kacamata
1046,kdepannya,kedepannya
1047,kdepanya,kedepannya
1048,kdg,terkadang
1049,kdg2,kadang-kadang
1050,kditu,kesitu
1051,kdlm,kedalam
1052,kdpan,kedepan
1053,kebeli,terbeli
1054,kebengkel,ke bengkel
1055,kebersamanya,kebersamaannya
1056,kebersehan,kebersihan
1057,kebnykn,kebanyakan
1058,kebo,kerbau
1059,kebrngkatan,keberangkatan
1060,kebudayan,kebudayaan
1061,kebulan,ke bulan
1062,kebumi,ke bumi
1063,kebut2an,kebut-kebutan
1064,kebwah,kebawah
1065,kecawa,kecewa
1066,kece,gaul
1067,kecel,capek
1068,kecelakaanya,kecelakaannya
1069,kecelakan,kecelakaan
1070,kecelakanya,kecelakaannya
1071,kecengan,pasangan
1072,kecepean,kecapean
1073,kecepetan,terlalu cepat
1074,kecerian,keceriaan
1075,kecian,kasihan
1076,kecimanggis,ke cimanggis
1077,kecimangis,ke cimanggis
1078,kecipondoh,ke cipondoh
1079,kedaerah,ke daerah
1080,kedatanganya,kedatangannya
1081,kedatengan,kedatangan
1082,kedawan,terlalu panjang
1083,kedeketan,terlalu dekat
1084,kedengeran,kedengaran
1085,kedpn,kedepan
1086,kedpnnya,kedepannya
1087,kedpnya,kedepannya
1088,kedtngan,kedatangan
1089,kedufan,ke dufan
1090,keenaken,keenakan
1091,kegedean,terlalu besar
1092,kegeden,terlalu besar
1093,kegembiran,kegembiraan
1094,kehadiranny,kehadirannya
1095,kehulu,ke hulu
1096,kehutan,ke hutan
1097,keidahan,keindahan
1098,keiklasan,keikhlasan
1099,keilangan,kehilangan
1100,keinget,teringat
1101,keinginanya,keinginannya
1102,keistimewan,keistimewaan
1103,keitung,terhitung
1104,kejadia,kejadian
1105,kejakarta,ke Jakarta
1106,kejar2an,kejar-kejaran
1107,kejauan,kejauhan
1108,kejayan,kejayaan
1109,kejepit,terjepit
1110,kejual,terjual
1111,kejuaran,kejuaraan
1112,kek,seperti
1113,kekalemanya,kekalemannya
1114,kekamar,ke kamar
1115,kekampus,ke kampus
1116,kekandang,ke kandang
1117,kekasur,ke kasur
1118,kekecewan,kekecewaan
1119,kekemayoran,ke kemayoran
1120,kekmana,bagaimana
1121,keknya,kayaknya
1122,kekontrakan,ke kontrakan
1123,kekos,ke kos
1124,kekosanku,ke kosanku
1125,kekota,ke kota
1126,kekuasan,kekuasaan
1127,kekumpul,terkumpul
1128,kekunci,terkunci
1129,kekuranganya,kekurangannya
1130,kekuras,terkuras
1131,kelakon,terlaksana
1132,kelaperan,kelaparan
1133,kelaut,ke laut
1134,keleta,kereta
1135,keliatan,kelihatan
1136,keliatannya,kelihatannya
1137,keliatanya,kelihatannya
1138,kelihatanya,kelihatannya
1139,kelindas,terlindas
1140,kelindes,terlindas
1141,kelja,kerja
1142,kelokasi,ke lokasi
1143,keluarin,keluarkan
1144,kemana2,kemana-mana
1145,kemarahanya,kemarahannya
1146,kembaranya,kembarannya
1147,kembgnkan,kembangkan
1148,kemendiknas,Kementerian Pendidikan Nasional
1149,kemenkes,Kementerian Kesehatan
1150,kemenkeu,Kementerian Keuangan
1151,kemenkominfo,Kementerian Komunikasi dan Informatika
1152,kemenkumham,Kementerian Hukum dan Hak Asasi Manusia
1153,kemenong,kemana
1154,kemenpera,Kementerian Perumahan Rakyat
1155,kemenperin,Kementerian Perindustrian
1156,kementrian,Kementerian
1157,kemerdekan,kemerdekaan
1158,kemis,kamis
1159,kemonas,ke monas
1160,kemrin,kemarin
1161,kemulyaan,kemuliaan
1162,kemulyan,kemuliaan
1163,kemusium,ke museum
1164,kenalin,kenalkan
1165,kenang2an,kenang-kenangan
1166,kenang2ngan,kenang-kenangan
1167,kenanganya,kenangannya
1168,kenapah,kenapa
1169,kenapasi,kenapa ya
1170,kenape,kenapa
1171,kenceng,cepat
1172,kendaran,kendaraan
1173,kendaranya,kendaraannya
1174,kenderaan,kendaraan
1175,keno,kena
1176,kenp,kenapa
1177,kenpa,kenapa
1178,kenyatan,kenyataan
1179,kenyatanya,kenyataannya
1180,kepake,terpakai
1181,kepalanye,kepalanya
1182,kepangang,terpanggang
1183,kepanggang,terpanggang
1184,kepantai,ke pantai
1185,kepantainya,ke pantainya
1186,keparis,ke paris
1187,kepasar,ke pasar
1188,kepastianya,kepastiannya
1189,kepencar,terpencar
1190,kepencet,terpencet
1191,kepengen,ingin
1192,kepengenya,keinginannya
1193,kepengin,ingin
1194,kepercayan,kepercayaan
1195,kepercayanya,kepercayaannya
1196,kepilih,terpilih
1197,kepincut,terpincut
1198,kepinteran,kepintaran
1199,keponakanya,keponakannya
1200,kepotong,terpotong
1201,keprcayaan,kepercayaan
1202,keprcayan,kepercayaan
1203,kepribadianya,kepribadiannya
1204,kepsek,kepala sekolah
1205,kepulau,ke pulau
1206,kepuncak,ke puncak
1207,keputar,terputar
1208,keputusanya,keputusannya
1209,keragunan,ke ragunan
1210,kerajan,kerajaan
1211,keras2,keras-keras
1212,kerasa,terasa
1213,kerdus,kardus
1214,kere,miskin
1215,kering2,kering-kering
1216,keringet,keringat
1217,kerj,kerja
1218,kerjain,kerjakan
1219,kerjan,pekerjaan
1220,kerumah,ke rumah
1221,kesabaranya,kesabarannya
1222,kesalahane,kesalahannya
1223,kesalon,ke salon
1224,kesampean,kesampaian
1225,kesampeng,ke samping
1226,kesane,kesannya
1227,kesangkut,tersangkut
1228,kesanya,kesannya
1229,kesasar,tersasar
1230,kesawah,ke sawah
1231,kesayanganya,kesayangannya
1232,kesederhanan,kesederhanaan
1233,kesedian,kesediaan
1234,kesedianya,kesediaannya
1235,kesekolah,ke sekolah
1236,keselip,terselip
1237,kesetian,kesetiaan
1238,kesetianmu,kesetiaanmu
1239,kesetianya,kesetiaannya
1240,kesian,kasihan
1241,kesklh,ke sekolah
1242,kesmpean,kesampaian
1243,kesna,kesana
1244,kesni,kesini
1245,kesno,kesana
1246,kesodara,ke saudara
1247,kesokalh,ke sekolah
1248,kesono,kesana
1249,kesukan,kesukaan
1250,ket,keterangan
1251,ketabrak,tertabrak
1252,ketagih,tertagih
1253,ketarik,tertarik
1254,ketawa,tertawa
1255,ketawa2,ketawa-tawa
1256,ketentuanya,ketentuannya
1257,keterpurulanya,keterpurukannya
1258,ketiban,tertimpa
1259,ketidaknyamananya,ketidaknyamanannya
1260,ketidung,ke tidung
1261,ketike,ketika
1262,ketimpa,tertimpa
1263,ketingalan,ketinggalan
1264,ketok,terlihat
1265,ketoke,sepertinya
1266,ketrangan,keterangan
1267,ketrngan,keterangan
1268,ketuan,ketuaan
1269,ketuker,ketukar
1270,ketutup,tertutup
1271,keungulan,keunggulan
1272,keungulanya,keunggulannya
1273,kewarganegaran,kewarganegaraan
1274,kewarnet,ke warung internet
1275,keyword,kata kunci
1276,kga,tidak
1277,kgak,tidak
1278,kgk,tidak
1279,kgn,kangen
1280,khayalany,khayalannya
1281,khilap,khilaf
1282,khs,khas
1283,kie,ini
1284,kira2,kira-kira
1285,kiyai,kyai
1286,kjadian,kejadian
1287,kjauhan,kejauhan
1288,kjauhn,kejauhan
1289,klah,kalah
1290,klaksonya,klaksonnya
1291,klangan,kalangan
1292,klapa,kelapa
1293,klebihan,kelebihan
1294,klekson,klakson
1295,klh,kalah
1296,kliahatan,kelihatan
1297,klian,kalian
1298,kliatan,kelihatan
1299,kliatanya,kelihatannya
1300,kliatn,kelihatan
1301,klien2,klien-klien
1302,kliling,keliling
1303,klima,kelima
1304,klmpok,kelompok
1305,klo,kalau
1306,klow,kalau
1307,klrg,keluarga
1308,kls,kelas
1309,klu,kalau
1310,kluar,keluar
1311,kluaran,keluaran
1312,kluarga,keluarga
1313,kluargo,keluarga
1314,kluarin,keluarkan
1315,kluarkan,keluarkan
1316,klulusan,kelulusan
1317,klw,kalau
1318,klytn,kelihatan
1319,klz,kelas
1320,km,kamu
1321,kmaha,bagaimana
1322,kmaleman,kemalaman
1323,kmana,kemana
1324,kmane,kemana
1325,kmar,kamar
1326,kmaren,kemarin
1327,kmari,kemari
1328,kmarin,kemarin
1329,kmbali,kembali
1330,kmbaranya,kembarannya
1331,kmbl,kembali
1332,kmbli,kembali
1333,kmbuh,kambuh
1334,kmi,kami
1335,kmis,kamis
1336,kmn,kemana
1337,kmna,kemana
1338,kmna2,kemana-mana
1339,kmonas,ke monas
1340,kmpl,kumpul
1341,kmplin,kumpulkan
1342,kmpnye,kampanye
1343,kmpul,kumpul
1344,kmpung,kampung
1345,kmpus,kampus
1346,kmr,kamar
1347,kmren,kemarin
1348,kmri,kemari
1349,kmrin,kemarin
1350,kmrmandi,kamar mandi
1351,kmrn,kemarin
1352,kms,kamis
1353,kmu,kamu
1354,kmunya,kamunya
1355,kn,kan
1356,kna,kena
1357,knal,kenal
1358,knan,kanan
1359,knapa,kenapa
1360,knape,kenapa
1361,knci,kunci
1362,kndala,kendala
1363,kndaraan,kendaraan
1364,kndaran,kendaraan
1365,kndisi,kondisi
1366,kndla,kendala
1367,knfrmsi,konfirmasi
1368,kngen,kangen
1369,knggo,untuk
1370,kngn,kangen
1371,kngo,untuk
1372,kni,kini
1373,knjungi,kunjungi
1374,knl,kenal
1375,knp,kenapa
1376,knp2,kenapa-kenapa
1377,knpa,kenapa
1378,knpah,kenapa
1379,kntor,kantor
1380,kntr,kantor
1381,knyataan,kenyataan
1382,knyatan,kenyataan
1383,knytaanya,kenyataannya
1384,knytanya,kenyataannya
1385,kominfo,Komunikasi dan Informatika
1386,komnas,komisi nasional
1387,komplk,komplek
1388,konsumenya,konsumennya
1389,kontrakanya,kontrakannya
1390,koordinasikn,koordinasikan
1391,kordinasi,koordinasi
1392,kordinasikn,koordinasikan
1393,kordinat,koordinat
1394,kosanya,kosannya
1395,kosongin,kosongkan
1396,kost,kos
1397,kotabgr,kota bogor
1398,kowe,kamu
1399,koyo,seperti
1400,kpada,kepada
1401,kpala,kepala
1402,kpalaku,kepalaku
1403,kpan,kapan
1404,kpantai,ke pantai
1405,kpd,kepada
1406,kpengen,ingin
1407,kpercyaan,kepercayaan
1408,kpercyan,kepercayaan
1409,kpleset,terpleset
1410,kpn,kapan
1411,kpn2,kapan-kapan
1412,kpotong,terpotong
1413,kprluan,keperluan
1414,kputusan,keputusan
1415,kq,kok
1416,kra2,kira-kira
1417,krajinan,kerajinan
1418,kranjang,keranjang
1419,kreatifitas,kreativitas
1420,kreatip,kreatif
1421,kren,keren
1422,kreta,kereta
1423,krg,kurang
1424,krj,kerja
1425,krja,kerja
1426,krjo,kerja
1427,krm,kirim
1428,krmh,kerumah
1429,krn,karena
1430,krna,karena
1431,kro,sama
1432,krt,kartu
1433,krtik,kritik
1434,krtu,kartu
1435,krtunya,kartunya
1436,krudung,kerudung
1437,ksampean,kesampaian
1438,ksana,kesana
1439,ksedot,tersedot
1440,ksel,kesal
1441,ksetrum,tersetrum
1442,ksh,kasih
1443,ksian,kasihan
1444,ksiang,kesiangan
1445,ksiangan,kesiangan
1446,ksianny,kasihannya
1447,ksiannya,kasihannya
1448,ksiany,kasihannya
1449,ksianya,kasihannya
1450,ksih,kasih
1451,ksihan,kasihan
1452,ksini,kesini
1453,ksitu,kesitu
1454,kskolah,ke sekolah
1455,ksn,kesana
1456,ksna,kesana
1457,ksni,kesini
1458,ksno,kesana
1459,ksono,kesana
1460,kstu,kesitu
1461,ksukaan,kesukaan
1462,ksukan,kesukaan
1463,kt,kita
1464,kta,kata
1465,ktany,katanya
1466,ktanya,katanya
1467,ktawa2,ketawa-tawa
1468,ktemu,ketemu
1469,ktika,ketika
1470,ktimbang,daripada
1471,ktingalan,ketinggalan
1472,ktinggalan,ketinggalan
1473,ktinggian,ketinggian
1474,ktingian,ketinggian
1475,ktk,ketika
1476,ktka,ketika
1477,ktm,ketemu
1478,ktmpt,ketempat
1479,ktmu,ketemu
1480,ktmuan,ketemuan
1481,ktng,ketinggalan
1482,ktny,katanya
1483,ktnya,katanya
1484,ktor,kotor
1485,ktusuk,tertusuk
1486,kuangen,kangen
1487,kubawain,kubawakan
1488,kumaha,bagaimana
1489,kumplit,komplit
1490,kumpul2,kumpul-kumpul
1491,kumpulin,kumpulkan
1492,kunaon,kenapa
1493,kunjunganya,kunjungannya
1494,kunjungin,kunjungi
1495,kupayakan,kuupayakan
1496,kuper,kurang pergaulan
1497,kura2,kura-kura
1498,kurangin,kurangi
1499,kw,kau
1500,ky,seperti
1501,kya,seperti
1502,kyak,seperti
1503,kyaknya,sepertinya
1504,kyakx,sepertinya
1505,kyamanan,kenyamanan
1506,kyanya,sepertinya
1507,kyk,seperti
1508,kyke,sepertinya
1509,kyknya,sepertinya
1510,kykx,sepertinya
1511,kyky,sepertinya
1512,kyny,sepertinya
1513,kynya,sepertinya
1514,laba2,laba-laba
1515,laen,lain
1516,lainny,lainnya
1517,lainx,lainnya
1518,lainy,lainnya
1519,lainya,lainnya
1520,laki2,laki-laki
1521,lamo,lama
1522,lancar2,lancar-lancar
1523,lanjt,lanjut
1524,lansia,lanjut usia
1525,lapanganya,lapangannya
1526,laper,lapar
1527,laporanya,laporannya
1528,laporin,laporkan
1529,lathan,latihan
1530,latian,latihan
1531,latiannya,latihannya
1532,latianya,latihannya
1533,latihanya,latihannya
1534,lau,kau
1535,lautnye,lautnya
1536,lawanya,lawannya
1537,lawanye,lawannya
1538,lbang,lubang
1539,lbh,lebih
1540,lbih,lebih
1541,lbr,libur
1542,lbran,liburan
1543,lbrn,liburan
1544,lbur,libur
1545,lburan,liburan
1546,ldr,hubungan jarak jauh
1547,lengkapin,lengkapi
1548,lepasin,lepaskan
1549,letkol,letnan kolonel
1550,lg,lagi
1551,lgi,lagi
1552,lgsg,langsung
1553,lgsng,langsung
1554,lgsung,langsung
1555,lgu,lagu
1556,lgy,lagi
1557,lht,lihat
1558,liad,lihat
1559,liat,lihat
1560,liat2,lihat-lihat
1561,liatany,kelihatannya
1562,liatin,lihatin
1563,liatny,lihatnya
1564,liatnya,lihatnya
1565,liatnye,lihatnya
1566,liburin,liburkan
1567,lifestyle,gaya hidup
1568,link,tautan
1569,lipet,lipat
1570,lipi,Lembaga Ilmu Pengetahuan Indonesia
1571,lipstick,lipstik
1572,list,daftar
1573,living,tinggal
1574,lju,laju
1575,lkukn,lakukan
1576,lma,lama
1577,lma2,lama-lama
1578,lmak,lemak
1579,lmbr,lembar
1580,lmbt,lambat
1581,lmpu,lampu
1582,lmyan,lumayan
1583,lmyn,lumayan
1584,lncr,lancar
1585,lnganan,langganan
1586,lngganan,langganan
1587,lngkap,lengkap
1588,lngkp,lengkap
1589,lngsg,langsung
1590,lngsng,langsung
1591,lngsung,langsung
1592,lnjt,lanjut
1593,lnjut,lanjut
1594,lnjutnya,lanjutnya
1595,lntai,lantai
1596,lo,kamu
1597,local,lokal
1598,location,lokasi
1599,loe,kamu
1600,lokasiny,lokasinya
1601,lol,tertawa
1602,lom,belum
1603,loncat2,loncat-loncat
1604,longdistance,jarak jauh
1605,longweekend,liburan panjang akhir pekan
1606,longwekend,liburan panjang akhir pekan
1607,longwiken,liburan panjang akhir pekan
1608,looser,pecundang
1609,lowbet,baterai lemah
1610,lp,lupa
1611,lpa,lupa
1612,lpangan,lapangan
1613,lpas,lepas
1614,lt,lantai
1615,lu,kamu
1616,luh,kamu
1617,luhkan,kamu kan
1618,luka2,luka-luka
1619,lupain,lupakan
1620,lupe,lupa
1621,lw,kamu
1622,lwat,lewat
1623,lwn,lawan
1624,lwt,lewat
1625,lyt,lihat
1626,m0nas,monas
1627,m4ndiri,mandiri
1628,ma,sama
1629,ma2h,mamah
1630,ma2mu,mamahmu
1631,maav,maaf
1632,mabelasribu,lima belas ribu
1633,maacih,terimakasih
1634,macacih,terimakasih
1635,macam2,macam-macam
1636,macem2,macam-macam
1637,macetnyo,macetnya
1638,maen,main
1639,maenan,mainan
1640,maenannya,mainannya
1641,maenannye,mainannya
1642,maenanya,mainannya
1643,maenanye,mainannya
1644,maenin,mainkan
1645,maenya,mainnya
1646,maf,maaf
1647,maapin,maafkan
1648,mafin,maafkan
1649,mafkan,maafkan
1650,mahal2,mahal-mahal
1651,main2,main-main
1652,mainy,mainnya
1653,mainya,mainnya
1654,makaci,terimakasih
1655,makai,memakai
1656,makanye,makanya
1657,makaseh,terimakasih
1658,makasih,terimakasih
1659,makasiy,terimakasih
1660,make,memakai
1661,makin2,makin-makin
1662,maksih,terimakasih
1663,maksude,maksudnya
1664,maksudnye,maksudnya
1665,maksudx,maksudnya
1666,maksut,maksud
1667,maksutnya,maksudnya
1668,mal,mall
1669,malam2,malam-malam
1670,maleh,lagi
1671,malem,malam
1672,males,malas
1673,malming,malam minggu
1674,malu2in,malu-maluin
1675,mamany,mamahnya
1676,mananye,mananya
1677,mane,mana
1678,mane2,mana-mana
1679,maneh,lagi
1680,manfaatin,manfaatkan
1681,manfat,manfaat
1682,manfatin,manfaatkan
1683,manfatkan,manfaatkan
1684,mangaku,mengaku
1685,mangane,makannya
1686,manggil2,manggil-manggil
1687,manggl,manggil
1688,mangil,manggil
1689,mangil2,manggil-manggil
1690,mangis,manggis
1691,mangkane,makanya
1692,mangkanya,makanya
1693,mangkanye,makanya
1694,mangku,memangku
1695,mangl,manggil
1696,mangnya,memangnya
1697,mangung,manggung
1698,mangungnya,manggungnya
1699,maning,lagi
1700,manis2,manis-manis
1701,manjain,manjakan
1702,mantab,mantap
1703,mantabh,mantap
1704,mantabp,mantap
1705,mantabs,mantap
1706,mantaf,mantap
1707,mantaps,mantap
1708,mantapz,mantap
1709,manteb,mantap
1710,mantebp,mantap
1711,mantemand,teman-teman
1712,mantep,mantap
1713,manteub,mantap
1714,manthap,mantap
1715,manusia2,manusia-manusia
1716,manut,ngikut
1717,manutd,ngikut
1718,mao,mau
1719,maonya,maunya
1720,map,maaf
1721,map2,maaf-maaf
1722,mapin,maafkan
1723,marah2,marah-marah
1724,marang,kepada
1725,maren,kemarin
1726,married,menikah
1727,masal,massal
1728,masalahny,masalahnya
1729,masalh,masalah
1730,masama,sama-sama
1731,masang,memasang
1732,mash,masih
1733,masi,masih
1734,masing2,masing-masing
1735,masjed,masjid
1736,mastiin,memastikan
1737,mastikn,memastikan
1738,mastin,memastikan
1739,masya,masyaAllah
1740,MasyaAlah,masyaAllah
1741,masyalah,masyaAllah
1742,mateng,matang
1743,matiin,matikan
1744,matikn,matikan
1745,matin,matikan
1746,maunye,maunya
1747,max,maksimal
1748,maximum,maksimal
1749,maybe,mungkin
1750,mb,mbak
1751,mba,mbak
1752,mbake,mbaknya
1753,mbaku,mbakku
1754,mbalek,balik
1755,mbalekno,kembalikan
1756,mbalik,balik
1757,mbanya,mbaknya
1758,mbaq,mbak
1759,mbek,sama
1760,mbiyen,dahulu
1761,mbk,mbak
1762,mboten,tidak
1763,mbrikan,memberikan
1764,mbuat,membuat
1765,mbwa,membawa
1766,mcam,macam
1767,mcetnya,macetnya
1768,mcm,macam
1769,mcm2,macam-macam
1770,mdg,mending
1771,mdh,mudah
1772,mdh2an,mudah-mudahan
1773,mdh2n,mudah-mudahan
1774,mdingan,mendingan
1775,mekah,mekkah
1776,melakukanya,melakukannya
1777,melangar,melanggar
1778,melu,ikut
1779,memasukan,memasukkan
1780,mmber,member
1781,membalikan,membalikkan
1782,membiarkanya,membiarkannya
1783,membutuhkn,membutuhkan
1784,memgumpulkan,mengumpulkan
1785,memikirkanya,memikirkannya
1786,memperingatai,memperingati
1787,mempermslhin,mempermasalahkan
1788,mempertangungjawabkanya,mempertanggungjawabkannya
1789,memprduksi,memproduksi
1790,mempromosika,mempromosikan
1791,menaklukan,menaklukkan
1792,menakotkan,menakutkan
1793,menangapi,menanggapi
1794,menangungnya,menanggungnya
1795,mendonlot,mengunduh
1796,mendownload,mengunduh
1797,mendpat,mendapat
1798,mendptkan,mendapatkan
1799,meneng,diam
1800,mengabulkanya,mengabulkannya
1801,mengagalkan,menggagalkan
1802,mengalahkn,mengalahkan
1803,mengambar,menggambar
1804,mengambarkan,menggambarkan
1805,mengandeng,menggandeng
1806,mengangap,menganggap
1807,mengangu,mengganggu
1808,menganguk,mengangguk
1809,menganti,mengganti
1810,mengantung,menggantung
1811,mengasikan,mengasyikkan
1812,mengasyikan,mengasyikkan
1813,mengatakn,mengatakan
1814,mengelar,menggelar
1815,mengeliat,menggeliat
1816,mengelinding,menggelinding
1817,mengelitik,menggelitik
1818,mengembirakan,menggembirakan
1819,mengen2in,membuat kepingin
1820,mengeringkanya,mengeringkannya
1821,menggunakn,menggunakan
1822,menggunkan,menggunakan
1823,menggunkn,menggunakan
1824,mengirimkn,mengirimkan
1825,mengktfka,mengaktifkan
1826,mengoda,menggoda
1827,mengugah,menggugah
1828,mengunakan,menggunakan
1829,mengunakn,menggunakan
1830,menguncang,mengguncang
1831,mengunkan,menggunakan
1832,mengunkn,menggunakan
1833,menheningkan,mengheningkan
1834,menhub,menteri perhubungan
1835,meningal,meninggal
1836,meningalkan,meninggalkan
1837,meningalnya,meninggalnya
1838,menungang,menunggang
1839,menungu,menunggu
1840,menungumu,menunggumu
1841,menunjukan,menunjukkan
1842,mnyesuaikan,menyesuaikan
1843,menyengol,menyenggol
1844,merayakanya,merayakannya
1845,merit,menikah
1846,mesinya,mesinnya
1847,mesjid,masjid
1848,met,selamat
1849,mewah2,mewah-mewah
1850,meweg,mau nangis
1851,mewek,mau nangis
1852,mgalami,mengalami
1853,mggelar,menggelar
1854,mggu,minggu
1855,mghntarkan,menghantarkan
1856,mgkin,mungkin
1857,mgkn,mungkin
1858,mgkt,berangkat
1859,mgok,mogok
1860,mh,mah
1861,mhn,mohon
1862,mhon,mohon
1863,mhsi,mahasiswa
1864,mhsiswamu,mahasiswamu
1865,mi apah,demi apa
1866,miapa,demi apa
1867,miapah,demi apa
1868,miapeh,demi apa
1869,mikir,berfikir
1870,mikir2,berfikir-fikir
1871,mikiran,suka berfikir
1872,mikiri,memikirkan
1873,mikirin,memikirkan
1874,mikirkeun,memikirkan
1875,mikirny,berfikirnya
1876,mikirnya,berfikirnya
1877,milikny,miliknya
1878,miliku,milikku
1879,mingir,minggir
1880,mingu,minggu
1881,mingu2,minggu-minggu
1882,minguan,mingguan
1883,mingunya,minggunya
1884,mingux,minggunya
1885,mint,minta
1886,mintain,mintakan
1887,misalny,misalnya
1888,mjd,menjadi
1889,mka,maka
1890,mkan,makan
1891,mkanya,makanya
1892,mkasih,terimakasih
1893,mkmur,makmur
1894,mkn,makan
1895,mknan,makanan
1896,mknya,makanya
1897,mks,terimakasih
1898,mksd,maksud
1899,mksdnya,maksudnya
1900,mksh,terimakasih
1901,mksi,terimakasih
1902,mksih,terimakasih
1903,mksimal,maksimal
1904,mksod,maksud
1905,mksud,maksud
1906,mksudny,maksudnya
1907,mksudnya,maksudnya
1908,mlah,malah
1909,mlai,mulai
1910,mlaku,jalan
1911,mlaku2,jalan-jalan
1912,mlakukan,melakukan
1913,mlakune,jalannya
1914,mlam,malam
1915,mlaz,malas
1916,mlebu,masuk
1917,mledug,meledak
1918,mleduk,meledak
1919,mlem,malam
1920,mlepas,melepas
1921,mles,malas
1922,mlggr,melanggar
1923,mlgr,melanggar]
1924,mlh,malah
1925,mlihat,melihat
1926,mlintas,melintas
1927,mlkukan,melakukan
1928,mlm,malam
1929,mlm2,malam-malam
1930,mlmnya,malamnya
1931,mls,malas
1932,mlulu,melulu
1933,mmbahana,membahana
1934,mmbawaku,membawaku
1935,mmbedakan,membedakan
1936,mmbeli,membeli
1937,mmbhyakn,membahayakan
1938,mmbrikan,memberikan
1939,mmbuat,membuat
1940,mmbutuhkan,membutuhkan
1941,mmg,memang
1942,mmiliki,memiliki
1943,mmperkuat,memperkuat
1944,mmperpanjang,memperpanjang
1945,mmpi,mimpi
1946,mmpr,mampir
1947,mmprlihatkn,memperlihatkan
1948,mmprsiapkn,mempersiapkan
1949,mmpu,mampu
1950,mmpus,mampus
1951,mn,mana
1952,mna,mana
1953,mnang,menang
1954,mnangkan,menangkan
1955,mnara,menara
1956,mnarik,menarik
1957,mncapai,mencapai
1958,mncari,mencari
1959,mncri,mencari
1960,mndadak,mendadak
1961,mndapatkn,mendapatkan
1962,mndat,mandat
1963,mnding,mending
1964,mndingan,mendingan
1965,mndok,mondok
1966,mndonkrak,mendongkrak
1967,mndptkan,mendapatkan
1968,mndukung,mendukung
1969,mndukungnya,mendukungnya
1970,mndung,mendung
1971,mne,mana
1972,mnfaat,manfaat
1973,mngalami,mengalami
1974,mngalir,mengalir
1975,mngeluarkan,mengeluarkan
1976,mngenang,mengenang
1977,mngendarai,mengendarai
1978,mngerti,mengerti
1979,mnggl,manggil
1980,mnggu,minggu
1981,mngguan,mingguan
1982,mnggunakan,menggunakan
1983,mnggunkn,menggunakan
1984,mnghadap,menghadap
1985,mnghamili,menghamili
1986,mngharap,mengharap
1987,mngheningkan,mengheningkan
1988,mngis,manggis
1989,mngkel,kesal
1990,mngkin,mungkin
1991,mngkn,mungkin
1992,mngkne,makanya
1993,mngkonyo,makanya
1994,mngnai,mengenai
1995,mngsudnye,maksudnya
1996,mngu,minggu
1997,mnguan,mingguan
1998,mngunakan,menggunakan
1999,mngunkn,menggunakan
2000,mnikah,menikah
2001,mnikmti,menikmati
2002,mnis,manis
2003,mnitikberatkan,menitikberatkan
2004,mnjadi,menjadi
2005,mnjd,menjadi
2006,mnjdi,menjadi
2007,mnjem,meminjam
2008,mnjunjung,menjunjung
2009,mnjwab,menjawab
2010,mnnti,menanti
2011,mnrt,menurut
2012,mnt,minta
2013,mnta,minta
2014,mntain,mintakan
2015,mntannya,mantannya
2016,mntanya,mantannya
2017,mntap,mantap
2018,mnti,menanti
2019,mnual,manual
2020,mnuggu,menunggu
2021,mnugu,menunggu
2022,mnuju,menuju
2023,mnum,minum
2024,mnungGu,menunggu
2025,mnungu,menunggu
2026,mnunjukan,menunjukkan
2027,mnunjukkan,menunjukkan
2028,mnurut,menurut
2029,mnurutmu,menurutmu
2030,mnusia,manusia
2031,mnyamar,menyamar
2032,mnyusul,menyusul
2033,mo,mau
2034,modifan,hasil modifikasi
2035,modification,modifikasi
2036,modified,dimodifikasi
2037,modifikasiin,modifikasikan
2038,modifikasin,modifikasikan
2039,moh,tidak mau
2040,momendnya,momennya
2041,moment,momen
2042,moments,momen
2043,momenya,momennya
2044,monasny,monasnya
2045,monday,senin
2046,Mondays,senin
2047,money,uang
2048,monkey,monyet
2049,month,bulan
2050,monyetna,monyetnya
2051,morning,pagi
2052,mornings,pagi
2053,moro,datang
2054,moro2,datang-datang
2055,morosotkeun,memerosotkan
2056,mother,ibu
2057,motoin,mengambil foto
2058,motone,cara mengambil fotonya
2059,motor2,motor-motor
2060,motr,motor
2061,mpe,sampai
2062,mpek,sampai
2063,mpempek,pempek
2064,mperkuat,memperkuat
2065,mperpanjang,memperpanjang
2066,mpun,sudah
2067,mpunya,punya
2068,mrah,marah
2069,mrah2,marah-marah
2070,mrantau,merantau
2071,mrasa,merasa
2072,mrasakany,merasakannya
2073,mrek,mereka
2074,mreka,mereka
2075,mrh,marah
2076,mrhn,marahan
2077,mri,mari
2078,mridnya,muridnya
2079,mriki,kesini
2080,mrinding,merinding
2081,mrip,mirip
2082,mrk,mereka
2083,mrka,mereka
2084,mrono,kesana
2085,mrp,merupakan
2086,mrpti,merpati
2087,mrupakn,merupakan
2088,msak,masak
2089,msalah,masalah
2090,msg,masing
2091,msg2,masing-masing
2092,msh,masih
2093,msih,masih
2094,msing2,masing-masing
2095,msjid,masjid
2096,mski,meski
2097,mskipun,meskipun
2098,mslah,masalah
2099,mslahnya,masalahnya
2100,mslh,masalah
2101,mslhnye,masalahnya
2102,msng,masing
2103,msog,masak
2104,msohan,musuhan
2105,msok,masak
2106,mst,mesti
2107,msti,mesti
2108,msuk,masuk
2109,msukin,masukkan
2110,msuknya,masuknya
2111,mtor,motor
2112,mtor2,motor-motor
2113,mtore,motornya
2114,mtornya,motornya
2115,mtr,motor
2116,mudah2an,mudah-mudahan
2117,mugi,semoga
2118,mugi2,moga-moga
2119,mukax,mukanya
2120,mulay,mulai
2121,muluk2,berlebihan
2122,mumpng,mumpung
2123,mungah,naik
2124,music,musik
2125,musim2,musim-musim
2126,musium,museum
2127,mustinya,mestinya
2128,muter,berputar
2129,muter2,berputar-putar
2130,mw,mau
2131,mwah,mewah
2132,myname,namaku
2133,mz,mas
2134,nabrak,menabrak
2135,naek,naik
2136,nais,nice
2137,naitu,nah itu
2138,nama2,nama-nama
2139,namany,namanya
2140,namanye,namanya
2141,nambah,bertambah
2142,nambah2,nambah-nambah
2143,name,nama
2144,named,dinamai
2145,names,nama
2146,nanganin,menangani
2147,nanges,nangis
2148,nanya,bertanya
2149,nanyain,menanyakan
2150,naon,apa
2151,napa,kenapa
2152,napah,kenapa
2153,nape,kenapa
2154,narcis,narsis
2155,nari,menari
2156,naro,naruh
2157,nasgor,nasi goreng
2158,nasgornya,nasi gorengnya
2159,navigation,navigasi
2160,ndadak,mendadak
2161,ndak,tidak
2162,ndakpapa,tidak apa-apa
2163,ndang,buruan
2164,ndek,sejak
2165,ndelik,bersembunyi
2166,ndelok,melihat
2167,ndengkur,mendengkur
2168,ndi,mana
2169,ndk,tidak
2170,ndodok,jongkok
2171,nduwe,punya
2172,nebelin,menebalkan
2173,need,butuh
2174,needed,dibutuhkan
2175,needs,kebutuhan
2176,negative,negatif
2177,negra,negara
2178,negri,negeri
2179,neh,nih
2180,nelepon,menelpon
2181,nelfon,menelpon
2182,nelor,bertelur
2183,nelp,menelpon
2184,nelpon,menelpon
2185,nelv,menelpon
2186,nelvon,menelpon
2187,nemanin,menemani
2188,nembak,menembak
2189,nembaknya,menembaknya
2190,nembaknye,menembaknya
2191,nembus,menembus
2192,nemen,banget
2193,nemenin,menemani
2194,nemu,menemukan
2195,nemuin,menemui
2196,nemuinnya,menemuinya
2197,nemuinya,menemuinya
2198,nemunya,menemukannya
2199,nenangin,menenangkan
2200,nendang,menendang
2201,nenek2,nenek-nenek
2202,nengheningkan,mengheningkan
2203,nengkene,disini
2204,nengkono,disana
2205,nengok,menengok
2206,nengokin,menengoki
2207,nenteng,membawa
2208,nenteng2,membawa
2209,nepatin,menepati
2210,nerusin,meneruskan
2211,netter,pengguna internet
2212,network,jaringan
2213,never,tidak pernah
2214,nevermind,tidak usah dipikirkan
2215,news,berita
2216,ngabadiin,mengabadikan
2217,ngabadin,mengabadikan
2218,ngabarin,mengabari
2219,ngabisin,menghabiskan
2220,ngabohong,berbohong
2221,ngabolang,berpetualang
2222,ngaca,berkaca
2223,ngacir,kabur
2224,ngadain,mengadakan
2225,ngadem,berteduh
2226,ngademin,meneduhkan
2227,ngadep,menghadap
2228,ngadirin,menghadiri
2229,ngadu,mengadu
2230,ngagetin,mengagetkan
2231,ngajak2,ngajak-ngajak
2232,ngajakgue,mengajak saya
2233,ngajakinya,mengajaknya
2234,ngajari,mengajari
2235,ngajarin,mengajari
2236,ngak,tidak
2237,ngakak,tertawa
2238,ngakuin,mengakui
2239,ngalah,mengalah
2240,ngalahin,mengalahkan
2241,ngalihin,mengalihkan
2242,ngalir,mengalir
2243,ngambang,mengambang
2244,ngambil,mengambil
2245,ngambilin,mengambilkan
2246,ngambilnya,mengambilnya
2247,ngampus,pergi ke kampus
2248,ngamuk2,mengamuk-ngamuk
2249,ngancani,menemani
2250,ngancurin,menghancurkan
2251,ngandeng,menggandeng
2252,ngangap,menganggap
2253,ngangenin,membuat kangen
2254,ngangge,menggunakan
2255,nganggo,menggunakan
2256,ngangguk,mengangguk
2257,ngangur,menganggur
2258,nganjel,mengganjal
2259,nganter,mengantar
2260,nganterin,mengantarkan
2261,nganti,sampai
2262,ngantongi,mengantongi
2263,ngantongin,mengantongi
2264,ngantor,pergi ke kantor
2265,ngantre,mengantri
2266,ngantri,mengantri
2267,ngantrinya,mengantrinya
2268,ngantuks,mengantuk
2269,ngapa2in,ngapa-ngapain
2270,ngapal,menghafal
2271,ngapalin,menghafalkan
2272,ngape,ngapain
2273,ngapo,ngapain
2274,ngapusi,berbohong
2275,ngara,negara
2276,ngarah,mengarah
2277,ngarang,mengarang
2278,ngaranye,negaranya
2279,ngarap,mengerjakan
2280,ngarep,berharap
2281,ngarepane,harapannya
2282,ngarepin,mengharapkan
2283,ngaret,telat
2284,ngarti,mengerti
2285,ngaruh,berpengaruh
2286,ngash,memberi
2287,ngasi,memberi
2288,ngasih,memberi
2289,ngasih2,memberi
2290,ngasihnya,memberinya
2291,ngaso,istirahat
2292,ngasuh,mengasuh
2293,ngatain,mengatakan
2294,ngatasi,mengatasi
2295,ngatasin,mengatasi
2296,ngatur,mengatur
2297,ngawasin,mengawasi
2298,ngawe,membuat
2299,ngawur,ngasal
2300,ngawur2an,ngasal-asalan
2301,ngayal,mengkhayal
2302,ngayalnye,mengkhayalnya
2303,ngbikin,membuat
2304,ngbom,mengebom
2305,ngbrol,mengobrol
2306,ngbuka,membuka
2307,ngdate,berkencan
2308,ngebalikin,mengembalikan
2309,ngebalikinnya,mengembalikannya
2310,ngebalikinya,mengembalikannya
2311,ngeband,main band
2312,ngebangain,membanggakan
2313,ngebanggain,membanggakan
2314,ngebangun,membangun
2315,ngebantai,membantai
2316,ngebanyol,membanyol
2317,ngebawa,membawa
2318,ngebayangin,membayangkan
2319,ngebayanginnya,membayangkannya
2320,ngebayanginya,membayangkannya
2321,ngebel,menelpon
2322,ngebelin,membelikan
2323,ngebilangin,memberitau
2324,ngeblokir,memblokir
2325,ngebo,tidur
2326,Ngebolang,berpetualang
2327,ngebolehin,membolehkan
2328,ngebom,mengebom
2329,ngebor,mengebor
2330,ngebosenin,membosankan
2331,ngebunuh,membunuh
2332,ngebut,mengebut
2333,ngebut2,kebut-kebutan
2334,ngebutz,mengebut
2335,ngebutzzz,mengebut
2336,ngecapin,mengecapi
2337,ngece,mengejek
2338,ngecek,mengecek
2339,ngeces,mengecas
2340,ngecet,mengecat
2341,ngeclub,membuat klub
2342,ngedadak,mendadak
2343,ngedarin,mengedarkan
2344,ngedate,berkencan
2345,ngedeke,membangun
2346,ngedekke,membangun
2347,ngedengkur,mendengkur
2348,ngedit,mengedit
2349,ngedit2,mengedit-edit
2350,ngedoain,mendoakan
2351,ngedor,menembak
2352,ngedp,membayar uang muka
2353,ngedufan,pergi ke dufan
2354,ngedukung,mendukung
2355,ngefolow,ngefollow
2356,ngegolin,mencetak gol
2357,ngehalau,menghalau
2358,ngehargai,menghargai
2359,ngehibur,menghibur
2360,ngehina,menghina
2361,ngehormatin,menghormati
2362,ngejagain,menjagakan
2363,ngejak,mengajak
2364,ngejalanin,menjalani
2365,ngejamin,menjamin
2366,ngejanjin,menjanjikan
2367,ngejar,mengejar
2368,ngejarnya,mengejarnya
2369,ngejek,mengejek
2370,ngejiplak,menjiplak
2371,Ngejual,menjual
2372,ngejubel,berjubel
2373,ngekek,tertawa
2374,ngeksis2an,eksis-eksisan
2375,ngeladenin,meladeni
2376,ngeladeninya,meladeninya
2377,ngelahirin,melahirkan
2378,ngelak,mengelak
2379,ngelaksonin,menglakson
2380,ngelamar,melamar
2381,ngelamun,melamun
2382,ngelanconk,melancong
2383,ngelantik,melantik
2384,ngelantur,melantur
2385,ngelap,mengelap
2386,ngelapak,berjualan
2387,ngelatihnya,melatihnya
2388,ngelawak,melucu
2389,ngeledek,mengejek
2390,ngelelepin,menenggelamkan
2391,ngelepas,melepas
2392,ngeles,membuat alasan
2393,ngelesnya,membuat alasannya
2394,ngelewatin,melewati
2395,ngeliat,melihat
2396,ngeliate,melihat
2397,ngeliatin,memperlihatkan
2398,ngeliatnya,melihatnya
2399,ngelilingin,mengelilingi
2400,ngeliput,meliput
2401,ngelirik,melirik
2402,ngelitik,menggelitik
2403,ngelive,disiarkan langsung
2404,ngelu,pusing
2405,ngeluapin,meluapkan
2406,ngeluarin,mengeluarkan
2407,ngeluarinya,mengeluarkannya
2408,ngelucu,melucu
2409,ngeluh,mengeluh
2410,ngelukis,melukis
2411,ngelupain,melupakan
2412,ngelus,mengelus
2413,ngembalin,mengembalikan
2414,ngembang,mengembang
2415,ngembun,mengembun
2416,ngemeng,ngomong
2417,ngemeng2,ngomong-ngomong
2418,ngemis2,mengemis-ngemis
2419,ngemodus,membuat modus
2420,ngemot,mengemut
2421,ngena,mengena
2422,ngenalin,mengenalkan
2423,ngendap,mengendap
2424,ngene,begini
2425,ngeneh,begini
2426,ngenes,mengenaskan
2427,ngenet,internetan
2428,ngepain,ngapain
2429,ngepel,mengepel
2430,ngepelin,mengepelkan
2431,ngerakit,merakit
2432,ngeramal,meramal
2433,ngeramein,meramaikan
2434,ngerampok,merampok
2435,ngerasa,merasa
2436,ngerasain,merasakan
2437,ngerayain,merayakan
2438,ngerayainnya,merayakannya
2439,ngerayainya,merayakannya
2440,ngerayu,merayu
2441,ngeremehin,meremehkan
2442,ngerencanain,merencanakan
2443,ngerepotin,merepotkan
2444,ngeres2,berpikiran kotor
2445,ngeributin,meributkan
2446,ngerintis,merintis
2447,Ngeriset,melakukan riset
2448,ngerix,ngerinya
2449,ngerjain,mengerjakan
2450,ngerokok,merokok
2451,ngertine,yang dimengerti
2452,ngertio,ngertikan
2453,ngerubah,mengubah
2454,ngerugiin,merugikan
2455,ngerugin,merugikan
2456,ngerusak,merusak
2457,ngerusakin,merusakkan
2458,ngetem,nongkrong
2459,ngetuit,ngetweet
2460,ngetwet,ngetweet
2461,ngetwets,ngetweet
2462,ngetwit,ngetweet
2463,ngetwitnya,ngetweetnya
2464,ngfollow,follow
2465,ngfolow,follow
2466,ngg,tidak
2467,ngga,tidak
2468,nggak,tidak
2469,nggakk,tidak
2470,nggakpapa,tidak apa-apa
2471,nggakyk,tidak seperti
2472,nggandeng,menggandeng
2473,ngganjel,mengganjal
2474,ngganteng,ganteng
2475,nggarap,mengerjakan
2476,nggash,memberi
2477,nggawa,membawa
2478,nggawe,membuat
2479,nggih,iya
2480,nggk,tidak
2481,nggo,untuk
2482,nggon,tempat
2483,nggonku,tempatku
2484,nggowes,bersepeda
2485,nggowo,membawa
2486,nggowo2,membawa
2487,nggu,nunggu
2488,nggundulinnya,menggundulinya
2489,ngguyu,tertawa
2490,nggy,gaya
2491,nghirup,menghirup
2492,ngibul,berkhayal
2493,ngidem,ngikut
2494,ngiderin,mengedarkan
2495,ngigau,mengigau
2496,ngih,iya
2497,ngijinin,mengizinkan
2498,ngikutin,mengikuti
2499,ngilang,menghilang
2500,ngilangin,menghilangkan
2501,ngimpi,mimpi
2502,ngimpih,mimpi
2503,ngimpiku,mimpiku
2504,ngincer,mengincar
2505,ngindarin,menghindari
2506,nginep,menginap
2507,nginepnya,menginapnya
2508,ngingetin,mengingatkan
2509,nginjek,menginjak
2510,ngintil,mengikuti
2511,ngintip,mengintip
2512,ngira,mengira
2513,ngiranya,mengiranya
2514,ngirim,mengirim
2515,ngiris,mengiris
2516,ngirup,menghirup
2517,ngis,nangis
2518,ngisi,mengisi
2519,ngiterin,mengitari
2520,ngitung,menghitung
2521,ngitungin,menghitung
2522,ngjak,mengajak
2523,ngjak2,mengajak-ajak
2524,ngjakin,mengajak
2525,ngjakn,mengajak
2526,ngjar,mengajar
2527,ngjarin,mengajari
2528,ngjk,mengajak
2529,ngjkin,mengajak
2530,ngk,tidak
2531,ngke,nanti
2532,ngko,nanti
2533,ngkost,kos
2534,ngkrong,nongkrong
2535,ngku,mengaku
2536,ngkut,ngikut
2537,nglakokne,menjalankan
2538,nglamar,melamar
2539,nglelang,melelang
2540,nglewatin,melewati
2541,ngliat,melihat
2542,ngliatin,melihat
2543,nglumpuke,mengumpulkan
2544,ngmg,ngomong
2545,ngmgn,ngomongin
2546,ngmng,ngomong
2547,ngmngin,ngomongin
2548,ngmngnya,ngomongnya
2549,ngmong,ngomong
2550,ngmongin,ngomongin
2551,ngmpln,mengumpulkan
2552,ngmpul,kumpul
2553,ngmpulin,mengumpulkan
2554,ngmuk,mengamuk
2555,ngnggur,menganggur
2556,ngngkat,mengangkat
2557,ngntuk,mengantuk
2558,ngo,untuk
2559,ngobro,ngobrol
2560,ngoceh,mengoceh
2561,ngocok,mengocok
2562,ngocol,mengocol
2563,ngolek,mencari
2564,ngoleksi,mengoleksi
2565,ngomel,mengomel
2566,ngomgn,ngomongin
2567,ngomogin,ngomongin
2568,ngomong2,ngomong-ngomong
2569,ngomonge,ngomongnya
2570,ngomongin,ngomongin
2571,ngonku,tempatku
2572,ngonoh,begitu
2573,ngonthel,bersepeda
2574,ngontrak,mengontrak
2575,ngopikeun,ngopikan
2576,ngopo,ngapain
2577,ngosek,nanti
2578,ngowes,bersepeda
2579,ngowo,membawa
2580,ngowo2,membawa
2581,ngp,ngapain
2582,ngpain,ngapain
2583,ngpn,ngapain
2584,ngpo,ngapain
2585,ngra,mengira
2586,ngrakit,merakit
2587,ngrasake,merasakan
2588,ngrasakno,merasakan
2589,ngrayain,merayakan
2590,ngrebut,merebut
2591,ngrokok,merokok
2592,ngrsain,merasakan
2593,ngrti,mengerti
2594,ngrusak,merusak
2595,ngsh,ngasih
2596,ngsih,ngasih
2597,ngubah,mengubah
2598,ngubengi,mengitari
2599,ngucapin,mengucapkan
2600,nguidam,ngidam
2601,ngulang,mengulang
2602,nguliah,kuliah
2603,ngumbar,mengumbar
2604,ngumpet,bersembunyi
2605,ngunu,begitu
2606,ngupi,ngopi
2607,ngupi2,ngopi-ngopi
2608,ngurangin,mengurangi
2609,nguras,menguras
2610,ngurusin,mengurusi
2611,ngurusinya,mengurusinya
2612,ngurusinyo,mengurusinya
2613,ngusul,usul
2614,ngusulin,mengusulkan
2615,ngutang,hutang
2616,ngutangi,menghutangi
2617,nguyu,tertawa
2618,nguyuh,kencing
2619,nie,ini
2620,night,malam
2621,nipuin,menipu
2622,nisan,nissan
2623,njih,iya
2624,njupuk,mengambil
2625,nlp,menelpon
2626,nlpn,menelpon
2627,nma,nama
2628,nmanya,namanya
2629,nmax,namanya
2630,nmna,namanya
2631,nmnya,namanya
2632,nmor,nomor
2633,nmpak,tampak
2634,nmpk,tampak
2635,nmr,nomor
2636,nmrnya,nomornya
2637,nmun,namun
2638,nnggu,menunggu
2639,nngguin,tungguin
2640,nngis,nenagis
2641,nnt,nanti
2642,nnton,nonton
2643,nntonnya,nontonnya
2644,no,nomor
2645,nolak,menolak
2646,nolong,menolong
2647,nolongin,menolong
2648,nomer,nomor
2649,nomere,nomornya
2650,nontonya,nontonnya
2651,nope,nomor HP
2652,nothing,tidak ada
2653,notif,pemberitahuan
2654,notifnya,pemberitahuannya
2655,nov,november
2656,now,sekarang
2657,npa,kenapa
2658,ntar,nanti
2659,nti,nanti
2660,ntinya,nantinya
2661,ntip,nitip
2662,ntn,nonton
2663,nton,nonton
2664,ntr,nanti
2665,number,nomor
2666,numpak,naik
2667,nungu,nunggu
2668,nyampe,sampai
2669,nyelengi,menabung
2670,nyelesein,menyelesaikan
2671,nyembuhin,menyembuhkan
2672,nyempetin,menyempatkan
2673,nyenengin,menyenangkan
2674,nyengol,menyenggol
2675,nyepedah,bersepeda
2676,nyesek,bikin sesak
2677,nyesel,menyesal
2678,nynyi,menyanyi
2679,nyokap,ibu
2680,nyolong,mencuri
2681,nyopet,mencopet
2682,nyupir,menyopir
2683,nyupire,menyopir
2684,nyupiri,menyopir
2685,nyuri,mencuri
2686,og,kok
2687,oia,oh iya
2688,ole-ole,oleh-oleh
2689,ole2,oleh-oleh
2690,oleh2,oleh-oleh
2691,omaigat,Ya Tuhan
2692,omaigot,Ya Tuhan
2693,omdo,omong doang
2694,omg,Ya Tuhan
2695,ono,ada
2696,opo,apa
2697,opr,operator
2698,oprtr,operator
2699,optional,pilihan
2700,options,pilihan
2701,ora,tidak
2702,org,orang
2703,org2,orang-orang
2704,orgalay,orang alay
2705,orgil,orang gila
2706,orgnya,orangnya
2707,orgtua,orangtua
2708,ori,original
2709,orng,orang
2710,orng2,orang-orang
2711,orngny,orangnya
2712,other,lainnya
2713,others,lainnya
2714,otmatis,otomatis
2715,otw,lagi di jalan
2716,"p\baikan""",perbaikan
2717,pa2,apa-apa
2718,pabrkan,pabrikan
2719,pacal,pacar
2720,pacalku,pacarku
2721,pager,pagar
2722,pailit,pelit
2723,pakaianya,pakaiannya
2724,pake,pakai
2725,pakein,pakaikan
2726,pakek,pakai
2727,panasnye,panasnya
2728,pancen,memang
2729,pangil,panggil
2730,pangilan,panggilan
2731,pantes,pantas
2732,parent,orangtua
2733,parents,orangtua
2734,party,pesta
2735,pcar,pacar
2736,pcaran,pacaran
2737,pcarku,pacarku
2738,pcr,[acar
2739,pcran,pacaran
2740,pcrmu,pacarmu
2741,pcrn,pacaran
2742,pcrnya,pacarnya
2743,pcrx,pacarnya
2744,pda,pada
2745,pdahal,padahal
2746,pdhal,padahal
2747,pdhalkan,padahalkan
2748,pdhl,padahal
2749,peace,damai
2750,pedes,pedas
2751,pegel,pegal
2752,pegi,pergi
2753,pekerjan,pekerjaan
2754,pelangan,pelanggan
2755,pelastik,plastik
2756,pelayananya,pelayanannya
2757,pelis,*memohon
2758,pelkunya,pelakunya
2759,pemainya,pemainnya
2760,pemakaianya,pemakaiannya
2761,pembayaranya,pembayarannya
2762,pembelan,pembelaan
2763,pembelanjan,pembelanjaan
2764,pembicaran,pembicaraan
2765,pembicraan,pembicaraan
2766,pembicran,pembicaraan
2767,pemkot,pemerintah kota
2768,pemotor,pemakai motor
2769,pemprov,pemerintah provinsi
2770,pencetane,pencetannya
2771,pencinta,pecinta
2772,pencitran,pencitraan
2773,penderitan,penderitaan
2774,pendiem,pendiam
2775,pengantian,penggantian
2776,pengen,ingin
2777,pengerjan,pengerjaan
2778,pengerjanya,pengerjaannya
2779,penghargan,penghargaan
2780,pengila,penggila
2781,penginapa,penginapan
2782,penginepan,penginapan
2783,pengmuman,pengumuman
2784,penguna,pengguna
2785,pengunan,penggunaan
2786,perasan,perasaan
2787,perasanku,perasaanku
2788,perasanmu,perasaanmu
2789,perduli,peduli
2790,perjlanan,perjalanan
2791,perkiran,perkiraan
2792,perkoro,perkara
2793,perktaan,perkataan
2794,perktan,perkataan
2795,permaenan,permainan
2796,permasalahanya,permasalahannya
2797,pertanyanya,pertanyaannya
2798,pertanyanye,pertanyaannya
2799,pesen,pesan
2800,pesenan,pesanan
2801,pesenanku,pesananku
2802,pg,pagi
2803,pgang,pegang
2804,pgar,pagar
2805,pgen,ingin
2806,pggl,panggil
2807,pgguna,pengguna
2808,pgi,pagi
2809,pgi2,pagi-pagi
2810,pgl,panggil
2811,pgn,ingin
2812,pgnnya,inginnya
2813,pguna,pengguna
2814,phk,pihak
2815,photo,foto
2816,picnic,piknik
2817,picnya,gambarnya
2818,pics,gambar
2819,picture,gambar
2820,pijet,pijat
2821,pijete,pijatnya
2822,pilgub,pemilihan gubernur
2823,pingin,ingin
2824,pinjem,pinjam
2825,pinjeman,pinjaman
2826,pinjemin,pinjamkan
2827,pinten,berapa
2828,pinter,pintar
2829,piro,berapa
2830,pis,damai
2831,pisan,sekali
2832,piscok,pisang cokelat
2833,piye,bagaimana
2834,pk,pakai
2835,pkai,pakai
2836,pke,pakai
2837,pkek,pakai
2838,pkeknyo,pakainya
2839,pkerjaan,pekerjaan
2840,pkerjan,pekerjaan
2841,pket,paket
2842,pkok,pokok
2843,pkoke,pokoknya
2844,pkoknya,pokoknya
2845,pkt,paket
2846,place,tempat
2847,please,*memohon
2848,plen,teman
2849,plend,teman
2850,plg,pelanggan
2851,plh,pilih
2852,plih,pilih
2853,plihan,pilihan
2854,plihanmu,pilihanmu
2855,plihannya,pilihannya
2856,plihanya,pilihannya
2857,plis,*memohon
2858,pljar,pelajar
2859,plng,pulang
2860,plnggan,pelanggan
2861,pls,pulsa
2862,plsa,pulsa
2863,pmain,pemain
2864,pmbelian,pembelian
2865,pmbngn,pembangunan
2866,pmbngnn,pembangunan
2867,pmbyran,pembayaran
2868,pmenang,pemenang
2869,pmeran,pameran
2870,pnasx,panasnya
2871,pndah,pindah
2872,pndahkn,pindahkan
2873,pndai,pandai
2874,pndeta,pendeta
2875,pndh,pindah
2876,pndhkan,pindahkan
2877,pndk,pendek
2878,pndngn,pandangan
2879,pndok,pondok
2880,pnempatan,penempatan
2881,png,ingin
2882,pngaduan,pengaduan
2883,pngamatan,pengamatan
2884,pngandaran,pangandaran
2885,pngantin,pengantin
2886,pngawas,pengawas
2887,pngecekan,pengecekan
2888,pngeckn,pengecekan
2889,pngemar,penggemar
2890,pngemudi,pengemudi
2891,pngen,ingin
2892,pnggemar,penggemar
2893,pnggil,panggil
2894,pnggila,panggilan
2895,pnggiln,panggilan
2896,pnggiran,pinggiran
2897,pnggl,panggil
2898,pngguna,pengguna
2899,pngil,panggil
2900,pngila,panggilan
2901,pngiln,penggilan
2902,pngiran,pinggiran
2903,pngkal,pangkal
2904,pngkatan,pangkatan
2905,pngl,panggil
2906,pngn,ingin
2907,pngnnya,inginnya
2908,pngnya,inginnya
2909,pngthan,pengetahuan
2910,pnguna,pengguna
2911,pngunjungna,pengunjungnya
2912,pngusaha,pengusaha
2913,pnh,pernah
2914,pnjam,pinjam
2915,pnjang,panjang
2916,pnjem,pinjam
2917,pnngkatan,peningkatan
2918,pnter,pintar
2919,pntes,pantas
2920,pntg,penting
2921,pnting,penting
2922,pntng,penting
2923,pntu,pintu
2924,pnuh,penuh
2925,pnumpang,penumpang
2926,pnungang,penunggang
2927,pny,punya
2928,pnya,punya
2929,pokoke,pokoknya
2930,pokokmen,pokoknya
2931,pokokna,pokoknya
2932,pokokny,pokoknya
2933,pokoknyah,pokoknya
2934,pokoknye,pokoknya
2935,ponakan2,ponakan-ponakan
2936,posisix,posisinya
2937,position,posisi
2938,positip,positif
2939,positive,positif
2940,poto,foto
2941,poto2,foto-foto
2942,potone,fotonya
2943,potonga,potongan
2944,potongane,potongannya
2945,potonganya,potongannya
2946,potongny,potongannya
2947,prancis,perancis
2948,prasaan,perasaan
2949,prasamu,perasaanmu
2950,prasan,perasaan
2951,prbaikn,perbaikan
2952,prbndinganya,perbandingannya
2953,prbyar,prabayar
2954,prcaya,percaya
2955,prcya,percaya
2956,prduk,produk
2957,prepare,persiapan
2958,present,hadir
2959,prformance,pertunjukan
2960,prg,pergi
2961,prgi,pergi
2962,prginy,perginya
2963,prginya,perginya
2964,prhatian,perhatian
2965,prhatin,perhatikan
2966,prhtungan,perhitungan
2967,price,harga
2968,prlu,perlu
2969,prmintaan,permintaan
2970,prmslhkan,permasalahkan
2971,prmukaan,permukaan
2972,prmukan,permukaan
2973,prnah,pernah
2974,prngkt,perangkat
2975,prnh,pernah
2976,produck,produk
2977,product,produk
2978,promise,berjanji
2979,prtm,pertama
2980,prtma,pertama
2981,prtunjukan,pertunjukan
2982,prumahan,perumahan
2983,prusahaan,perusahaan
2984,prusahan,perusahaan
2985,prushaan,perusahaan
2986,prushan,perusahaan
2987,prustasi,frustasi
2988,prwakilan,perwakilan
2989,ps.mingu,pasar minggu
2990,ps.rebo,pasar rebo
2991,psang,pasang
2992,psangin,pasangkan
2993,psat,pusat
2994,psawat,pesawat
2995,pscabyar,pascabayar
2996,psi,pssi
2997,pst,pasti
2998,psti,pasti
2999,pstikan,pastikan
3000,pstikn,pastikan
3001,pstkn,pastikan
3002,psukan,pasukan
3003,pswt,pesawat
3004,ptgs,petugas
3005,pth,putih
3006,ptih,putih
3007,ptngn,potongan
3008,ptong,potong
3009,ptongn,potongan
3010,puanas,panas
3011,public,publik
3012,pulg,pulang
3013,pulkam,pulang kampung
3014,pulng,pulang
3015,punten,maaf
3016,punx,punya
3017,puny,punya
3018,pupuler,popular
3019,pura2,pura-pura
3020,puteri,putri
3021,puth,putih
3022,putrie,putri
3023,putry,putri
3024,py,bagaimana
3025,pye,bagaimana
3026,q,saya
3027,qlw,kalau
3028,qm,kamu
3029,qt,kita
3030,qta,kita
3031,qu,saya
3032,quality,kualitas
3033,quiz,kuis
3034,raiso,tidak bisa
3035,rame,ramai
3036,rame2,ramai-ramai
3037,rasax,rasanya
3038,realitinya,realitanya
3039,receptionist,resepsionis
3040,regi,harga
3041,relation,relasi
3042,relationship,hubungan
3043,relax,santai
3044,reliability,tahan uji
3045,remember,ingat
3046,remembers,mengingatkan
3047,remembr,ingat
3048,repair,perbaiki
3049,repeat,ulangi
3050,replacement,penggantian
3051,replay,pengulangan
3052,report,laporan
3053,reports,laporan
3054,resources,sumberdaya
3055,respect,rasa hormat
3056,revelusion,revolusi
3057,reverse,kebalikan
3058,review,tinjau
3059,reward,hadiah
3060,rgunan,ragunan
3061,rmah,rumah
3062,rmai,ramai
3063,rmbut,rambut
3064,rmh,rumah
3065,rncana,rencana
3066,rncn,rencana
3067,rncna,rencana
3068,row,baris
3069,rsa,rasa
3070,rsak,rusak
3071,rsany,rasanya
3072,rsanya,rasanya
3073,s.d.,sampai dengan
3074,sabaraha,berapa
3075,sabarahaeun,berapa
3076,saeutik,sedikit
3077,safetybelt,sabuk pengaman
3078,saia,saya
3079,saiki,sekarang
3080,sajah,saja
3081,sakalian,sekalian
3082,sam2,sama-sama
3083,sama2,sama-sama
3084,sampe,sampai
3085,sampein,sampaikan
3086,samperin,datangi
3087,samrinda,samarinda
3088,sangad,sangat
3089,sanget,sangat
3090,sangune,uang sakuku
3091,sangup,sanggup
3092,sante2,santai-santai
3093,sapa,siapa
3094,sapah,siapa
3095,sape,siapa
3096,sarano,sarannya
3097,saranya,sarannya
3098,sarap,saraf
3099,sare,tidur
3100,sarebuan,seribuan
3101,sareng,bareng
3102,sat,saat
3103,satuany,satuannya
3104,satuju,setuju
3105,saudra,saudara
3106,sbaliknya,sebaliknya
3107,sbar,sabar
3108,sbb,sebagai berikut
3109,sbel,sebel
3110,sbelah,sebelah
3111,sbelom,sebelum
3112,sbelum,sebelum
3113,sbelumnya,sebelumnya
3114,sbenarnya,sebenarnya
3115,sbenernya,sebenarnya
3116,sberapo,seberapa
3117,sbg,sebagai
3118,sbgai,sebagai
3119,sbgi,sebagai
3120,sbginya,sebagainya
3121,sbk,sibuk
3122,sblah,sebelah
3123,sblh,sebelah
3124,sblm,sebelum
3125,sblmnya,sebelumnya
3126,sblom,sebelum
3127,sblum,sebelum
3128,sbner,sebenarnya
3129,sbnernya,sebenarnya
3130,sbnrnya,sebenarnya
3131,sbnrnye,sebenarnya
3132,sbntar,sebentar
3133,sbnyk,sebanyak
3134,sbongkah,sebingkah
3135,sbr,sabar
3136,sbraha,berapa
3137,sbrnya,sebenarnya
3138,sbrp,seberapa
3139,sbtr,sebentar
3140,sbtu,sabtu
3141,sbuah,sebuah
3142,sbuk,sibuk
3143,sbut,sebut
3144,sbutin,sebutkan
3145,scandal,skandal
3146,scepatnya,secepatnya
3147,sceptnya,secepatnya
3148,sch,sekolah
3149,schol,sekolah
3150,scholarship,beasiswa
3151,scptny,secepatnya
3152,scptnya,secepatnya
3153,scr,secara
3154,scra,secara
3155,sdah,sudah
3156,sdap,sedap
3157,sdekah,sedekah
3158,sdg,sedang
3159,sdh,sudah
3160,sdih,sedih
3161,sdikit,sedikit
3162,sdkh,sedekah
3163,sdkit,sedikit
3164,sdkt,sedikit
3165,sdng,sedang
3166,sdngkan,sedangkan
3167,sdotan,sedotan
3168,sdra2,saudara-saudara
3169,sebenrnya,sebenarnya
3170,seberapo,seberapa
3171,seblm,sebelum
3172,seblum,sebelum
3173,seblumnya,sebelumnya
3174,sebnarnye,sebenarnya
3175,sebntr,sebentar
3176,sebrang,seberang
3177,sebrangnya,seberangnya
3178,secepetnya,secepatnya
3179,secret,rahasia
3180,security,keamanan
3181,sedaya,semua
3182,sekate,sekata
3183,sekate-kate,sekata-kata
3184,seken,bekas
3185,seklian,sekalian
3186,sekola,sekolah
3187,selese,selesai
3188,seling,selling
3189,seller,penjual
3190,selow,santai
3191,semarfren,smartfren
3192,semlm,semalam
3193,semngat,semangat
3194,sempeet,sempat
3195,send,terkirim
3196,senen,senin
3197,seneng,senang
3198,sepda,sepeda
3199,sepert,seperti
3200,sept,september
3201,service,servis
3202,sgala,segala
3203,sgar,segar
3204,sgera,segera
3205,sgini,segini
3206,sgitu,segitu
3207,sgni,segini
3208,sgt,sangat
3209,shg,sehingga
3210,sht,sehat
3211,siapin,siapkan
3212,signal,sinyal
3213,signalnya,sinyalnya
3214,siji,satu
3215,silahakan,silahkan
3216,silhkan,silahkan
3217,simpen,simpan
3218,simpenan,simpanan
3219,simple,simpel
3220,sitik,sedikit
3221,sj,saja
3222,sja,saja
3223,sjti,sejati
3224,skali,sekali
3225,skali2,sekali-kali
3226,skalian,sekalian
3227,skaligus,sekaligus
3228,skalinya,sekalinya
3229,skarang,sekarang
3230,skg ,sekarang
3231,skit,sakit
3232,skitar,sekitar
3233,skitaran,sekitaran
3234,sklh,sekolah
3235,skola,sekolah
3236,skolah,sekolah
3237,skrg,sekarang
3238,skrng,sekarang
3239,slahkn,silahkan
3240,slain,selain
3241,slalu,selalu
3242,slama,selama
3243,slamat,selamat
3244,slangkah,selangkah
3245,slanjut,selanjut
3246,slanjutnya,selanjutnya
3247,slesai,selesai
3248,slgkuh,selingkuh
3249,slh,salah
3250,slhkan,silahkan
3251,slhkn,silahkan
3252,slmat,selamat
3253,slmt,selamat
3254,slow,santai
3255,slrh,seluruh
3256,slruh,seluruh
3257,slsai,selesai
3258,slse,selesai
3259,slu,selalu
3260,sma,sama
3261,sm,sama
3262,smbg,sombong
3263,smbhyg,sembahyang
3264,smbil,sambil
3265,smbl,sambil
3266,smbong,sombong
3267,smbuh,sembuh
3268,smbung,sambung
3269,smcam,semacam
3270,smcm,semacam
3271,smg,semoga
3272,smga,semoga
3273,smgat,semangat
3274,smgt,semangat
3275,smingu,seminggu
3276,smlem,semalam
3277,smlm,semalam
3278,smoga,semoga
3279,smpah,sumpah
3280,smpai,sampai
3281,smpaikn,sampaikan
3282,smpati,simpati
3283,smpe,sampai
3284,smph,sumpah
3285,smpi,sampai
3286,smpingan,sampingan
3287,smpurna,sempurna
3288,smtr,semester
3289,smua,semua
3290,smw,semua
3291,smwa,semua
3292,sna,sana
3293,sndiri,sendiri
3294,sndirian,sendirian
3295,sndr,sendiri
3296,snen,senin
3297,sneng,senang
3298,sng,senang
3299,sngaja,sengaja
3300,sngat,sangat
3301,sngj,sengaja
3302,sngt,sangat
3303,snguh,sungguh
3304,snilai,senilai
3305,so,jadi
3306,sodara,saudara
3307,sodaraan,bersaudara
3308,sodaramu,saudaramu
3309,sodaran,bersaudara
3310,sodarany,saudaranya
3311,solat,salat
3312,sory,maaf
3313,spnjag,sepanjang
3314,sprt,seperti
3315,sprti,seperti
3316,sprtinya,sepertinya
3317,spt,seperti
3318,spti,seperti
3319,sptny,sepertinya
3320,sptnya,sepertinya
3321,spu2,sepupu
3322,spupu,sepupu
3323,sputar,seputar
3324,spy,supaya
3325,spya,supaya
3326,srapan,sarapan
3327,sratus,seratus
3328,srg,sering
3329,sribu,seribu
3330,sring,sering
3331,srius,serius
3332,sruh,suruh
3333,srvcnya,servisnya
3334,srvice,servis
3335,standard,standar
3336,statement,kalimat
3337,stdy,studi
3338,stengah,setengah
3339,stgah,setengah
3340,stgh,setengah
3341,stia,setia
3342,stiap,setiap
3343,sticker,stiker
3344,still,masih
3345,stingi,setinggi
3346,stlah,setelah
3347,stlh,setelah
3348,stngah,setengah
3349,stngh,setengah
3350,stock,persediaan
3351,stuju,setuju
3352,stupid,bodoh
3353,subjec,subjek
3354,subject,subjek
3355,sulsel,sulawesi selatan
3356,sumpeh,sumpah
3357,sumph,sumpah
3358,sunguh,sungguh
3359,sunguh-sunguh,sungguh-sungguh
3360,sunguh2,sungguh-sungguh
3361,sunguhan,sungguhan
3362,swt,subhanahu wata'ala
3363,sy,saya
3364,sya,saya
3365,syg,sayang
3366,syp,siapa
3367,sypa,siapa
3368,syudah,sudah
3369,syukr,terimakasih
3370,syukron,terimakasih
3371,tahzan,bersedih
3372,tajir,kaya
3373,tak,tidak
3374,takada,tidak ada
3375,takan,tidak akan
3376,takboleh,tidak boleh
3377,takda,tidak ada
3378,takdapat,tidak dapat
3379,takde,tidak ada
3380,takdo,tidak ada
3381,takeabath,mandi
3382,takjugak,tidak juga
3383,takkan,tidak akan
3384,takleh,tidak boleh
3385,taklukan,taklukkan
3386,takmau,tidak mau
3387,takmintak,saya minta
3388,taknak,tidak enak
3389,taknampak,tidak nampak
3390,takok,tanya
3391,takon,tanya
3392,takpa,tidak apa-apa
3393,takpe,tidak apa-apa
3394,taksuka,tidak suka
3395,taktau,tidak tau
3396,tanggalny,tanggalnya
3397,tanggane,tetangganya
3398,tangi,bangun
3399,tangkep,tangkap
3400,tangkiny,tangkinya
3401,tanguh,tangguh
3402,tangung,tanggung
3403,tanks,terimakasih
3404,tanye,tanya
3405,tar,nanti
3406,tasih,masih
3407,taudah,tau dah
3408,taudeh,tau dah
3409,taugak,tau tidak
3410,taun,tahun
3411,taunan,tahunan
3412,taunih,tau nih
3413,tauny,taunya
3414,td,tadi
3415,tdaftar,terdaftar
3416,tdak,tidak
3417,tdi,tadi
3418,tdiny,tadinya
3419,tdinya,tadinya
3420,tdk,tidak
3421,tebakar,terbakar
3422,tebel,tebal
3423,tebengkalai,terbengkalai
3424,tegoran,teguran
3425,tejual,terjual
3426,tekape,Tempat Kejadian Perkara
3427,tekok,tanya
3428,tekon,tanya
3429,telfon,telepon
3430,telimakacih,terimakasih
3431,telp,telepon
3432,telpon,telepon
3433,telu,tiga
3434,temn,teman
3435,tenks,terimakasih
3436,tenkyu,terimakasih
3437,tentuin,tentukan
3438,terbnyak,terbanyak
3439,tereak,teriak
3440,terpangang,terpanggang
3441,tetep,tetap
3442,teteup,tetap
3443,teu,tidak
3444,tga,tega
3445,tgah,tengah
3446,tgantung,tergantung
3447,tggal,tanggal
3448,tggalan,tanggalan
3449,tggi,tinggi
3450,tggl,tanggal
3451,tggu,tunggu
3452,tgihan,tagihan
3453,tgjawab,tanggungjawab
3454,tgkat,tingkat
3455,tgl,tanggal
3456,tgn,tangan
3457,tgs,tugas
3458,thanks,terimakasih
3459,thanx,terimakasih
3460,they,mereka
3461,thn,tahun
3462,thx,terimakasih
3463,tidor,tidur
3464,tiker,tikar
3465,time,waktu
3466,timnas,tim nasional
3467,tingal,tinggal
3468,tingalen,tinggalkan saja
3469,tingalin,tinggalkan
3470,tinggl,tinggal
3471,tingi,tinggi
3472,tjawab,terjawab
3473,tjd,terjadi
3474,tkejut,terkejut
3475,tkg,tukang
3476,tki,tenaga kerja Idonesia
3477,tkp,Tempat Kejadian Perkara
3478,tkpaham,tidak paham
3479,tkpe,Tempat Kejadian Perkara
3480,tks,terima kasih
3481,tku,beli
3482,tkut,takut
3483,tkutnya,takutnya
3484,tlah,telah
3485,tlanjur,terlanjur
3486,Tlf,telepon
3487,tlg,tolong
3488,tlh,telah
3489,tlng,tolong
3490,tlong,tolong
3491,tlor,telor
3492,tlp,telepon
3493,tlpn,telepon
3494,tlpnan,teleponan
3495,tman,teman
3496,tmbah,tambah
3497,tmben,tumben
3498,tmbh,tambah
3499,tmbhan,tambahan
3500,tmbhn,tambahan
3501,tmen,teman
3502,tmenan,berteman
3503,tmenya,temannya
3504,tmn,teman
3505,tmnin,temani
3506,tmnny,temannya
3507,tmnnya,temannya
3508,tmpat,tempat
3509,tmpat2,tempat-tempat
3510,tmpatny,tempatnya
3511,tmpt,tempat
3512,tmsk,termasuk
3513,tmt,tamat
3514,tmu,temu
3515,tmukn,temukan
3516,tnang,tenang
3517,tndk,tindak
3518,tndng,tanding
3519,tng,tenang
3520,tngah,tengah
3521,tngal,tinggal
3522,tngerang,tangerang
3523,tnggal,tinggal
3524,tnggi,tinggi
3525,tnggl,tinggal
3526,tnggu,tunggu
3527,tnggung,tanggung
3528,tngh,tengah
3529,tngi,tinggi
3530,tngkap,tangkap
3531,tngkrongan,tongkrongan
3532,tngl,tinggal
3533,tngn,tangan
3534,tngrng,tangerang
3535,tngu,tunggu
3536,tnp,tanpa
3537,tnpa,tanpa
3538,tntu,tentu
3539,tny,tanya
3540,tnya,tanya
3541,tnyaen,tanyakan
3542,tnye,tanya
3543,tnykan,tanyakan
3544,tnyt,ternyata
3545,to,untuk
3546,today,hari ini
3547,tonight,malam ini
3548,tp,tetapi
3549,tpi,tapi
3550,tpt,tepat
3551,tq,terimakasih
3552,trbaik,terbaik
3553,trbang,terbang
3554,trbaru,terbaru
3555,trbng,terbang
3556,trbntuk,terbentuk
3557,trbnyk,terbanyak
3558,trbuat,terbuat
3559,trcela,tercela
3560,tresno,suka
3561,trf,tarif
3562,trget,target
3563,trgntung,tergantung
3564,trguling,terguling
3565,trhambat,terhambat
3566,trhormat,terhormat
3567,trhrmat,terhormat
3568,triak,teriak
3569,trjd,terjadi
3570,trjual,terjual
3571,trkait,terkait
3572,trkenal,terkenal
3573,trkhir,terakhir
3574,trktir,traktir
3575,trlalu,terlalu
3576,trlanjur,terlanjur
3577,trlihat,terlihat
3578,trllu,terlalu
3579,trlu,terlalu
3580,trm,terima
3581,trmasuk,termasuk
3582,trminal,terminal
3583,trminat,terminat
3584,trmksi,terimakasih
3585,trmsk,termasuk
3586,trnsaksi,transaksi
3587,trnsksi,transaksi
3588,trnyata,ternyata
3589,trnyt,ternyata
3590,trptong,terpotong
3591,trpuji,terpuji
3592,trs,terus
3593,trserah,terserah
3594,trtentu,tertentu
3595,TRUE,benar
3596,trus,terus
3597,trust,terpercaya
3598,trutama,terutama
3599,truth,kebenaran
3600,try,mencoba
3601,trz,terus
3602,tsb,tersebut
3603,ttap,tetap
3604,ttapi,tetapi
3605,ttd,tanda tangan
3606,ttng,tentang
3607,ttpi,tetapi
3608,ttwa,tertawa
3609,tu,itu
3610,tuiter,twitter
3611,tuiteran,twitteran
3612,tuiterku,twitterku
3613,tuker,tukar
3614,tukeran,bertukar
3615,tukoke,belikan
3616,tukokne,belikan
3617,tukokno,belikan
3618,tukr,tukar
3619,tuku,beli
3620,tukuen,beli saja
3621,tungu,tunggu
3622,tungulah,tunggulah
3623,tunjukan,tunjukkan
3624,tunjukin,tunjukkan
3625,turu,tidur
3626,tv,televisi
3627,twet,tweet
3628,twit,tweet
3629,twiter,twitter
3630,twiteran,twitteran
3631,u,kamu
3632,u/,untuk
3633,ud,sudah
3634,uda,sudah
3635,udah,sudah
3636,Ude,sudah
3637,udeh,sudah
3638,udh,sudah
3639,uga,tidak
3640,ugak,tidak
3641,ujan,hujan
3642,uke,oke
3643,ulngn,ulangan
3644,ultah,ulang tahun
3645,ulth,ulang tahun
3646,uncle,paman
3647,unyu,lucu
3648,unyukan,lucukan
3649,utamain,utamakan
3650,utk,untuk
3651,vacation,liburan
3652,vidio,video
3653,w,saya
3654,wadh,aduh
3655,wadoh,aduh
3656,wadon,perempuan
3657,wadu,aduh
3658,waduh,aduh
3659,wae,saja
3660,wagub,wakil gubernur
3661,wait,tunggu
3662,walaupn,walaupun
3663,want,ingin
3664,wareg,kenyang
3665,warkop,warung kopi
3666,warteg,warung tegal
3667,wat,untuk
3668,web,situs
3669,website,situs
3670,wedok,perempuan
3671,wekday,weekday
3672,wekeend,akhir pekan
3673,wekend,akhir pekan
3674,wes,sudah
3675,what,apa
3676,when,kapan
3677,where,dimana
3678,while,ketika
3679,why,kenapa
3680,win,menang
3681,wis,sudah
3682,wkt,waktu
3683,wktu,waktu
3684,wktuny,waktunya
3685,wktunya,waktunya
3686,wnita,wanita
3687,woman,wanita
3688,women,wanita
3689,wonten,ada
3690,Wontene,yang ada
3691,words,kata
3692,work,bekerja
3693,world,dunia
3694,wrn,warna
3695,wrna,warna
3696,wtf,bangsat
3697,Wuedan,edan
3698,yaolo,Ya Allah
3699,yaoloh,Ya Allah
3700,Yaowoh,Ya Allah
3701,yaud,ya sudah
3702,Yauda,ya sudah
3703,yaudah,ya sudah
3704,Yaude,ya sudah
3705,yaudeh,ya sudah
3706,yaudh,ya sudah
3707,yawdah,ya sudah
3708,yawes,ya sudah
3709,yaweslah,ya sudahlah
3710,yawlloh,Ya Allah
3711,yawloh,Ya Allah
3712,Yawoh,Ya Allah
3713,Ydh,ya sudah
3714,year,tahun
3715,yearbok,buku tahunan
3716,yearbook,buku tahunan
3717,yegak,iya tidak
3718,yes,ya
3719,yg,yang
3720,yng,yang
3721,yo,ya
3722,yawww,ya
3723,yoi,ya
3724,you,kamu
3725,yowes,ya sudah
3726,yoweslah,ya sudahlah
3727,yowis,ya sudah
,yth,yang terhormat
,yudeh,ya sudah
,yudh,ya sudah
,ywd,ya sudah
,ywdah,ya sudah
,ywdh,ya sudah
,ywdhlh,ya sudahlah
,ywis,ya sudah
,rp,rupiah
